"cc_iso3c","cc_name","cap_litscore","cap_numscore","cap_pslscore","cap_tertedu","cap_ictwork","cap_numwork","cap_readwork","cap_writwork","cap_influence","cap_planning","cap_taskdisc","cap_learnatwk","cap_readytolrn","cap_lrn12mth","crm_approach","crm_leadinstfunc","crm_riskplanning","crm_multihazard","crm_riskmonitoring","crm_riskmgmtcap","crm_preprdness","crm_econappraisal","crm_intlcoop","crm_communications","crm_earlywarn","crm_evaluation","crm_postdisaster","dig_usr_busstart","dig_usr_regbus","dig_usr_family","dig_usr_job","dig_usr_court","dig_key_busstart","dig_key_regbus","dig_key_family","dig_key_job","dig_key_court","dig_mob_busstart","dig_mob_regbus","dig_mob_court","ffm_efficiency","ffm_openbudget","ffm_fmis_approach","ffm_pfpublish","ffm_mterm_budget","ffm_perf_budget","hrm_skillsmerit","hrm_cnxt_pol","hrm_cnxt_pers","hrm_formalexam","hrm_comp_salaries","hrm_perf_pay","hrm_perf_assmnt","hrm_scshr","hrm_hrdata","inc_wmn_cgov","inc_wmn_pubsec","inc_wmn_snrmgr","inc_wmn_snrgovt","inc_ethrel","int_offcorrupt","int_busfav","int_embezzlefund","int_grantfavours","int_fairtrtmnt","int_actimpartial","int_followrules","int_corruptn_prvnt","int_helpcitzens","int_srvministers","int_srvgovt","int_offsabsent","int_striveffcnt","int_postemp","int_lobbying","int_whstlcover","int_whstlprtct","opn_cvcprticp","opn_eparticp","opn_negpubsprt","opn_complaints","opn_impact","opn_opendata","opn_govdata","opn_right2info","opn_accessinfo","opn_publiclaw","pol_scholadvc","pol_goexpert","pol_stratplan","pol_mincoord","pol_linemins","pol_monmins","pol_monagncs","pol_natstds","pro_eproc_funcs","pro_cpb_roles","pro_sme_support","pro_admin_efctvns","pro_transparency","pro_integrity","reg_ria_use","reg_ria_primary","reg_ria_secondary","reg_eval_primary","reg_eval_secondary","reg_engmnt_primary","reg_engmnt_secondary","reg_ria_qual","reg_ria_check","tax_adminbudget","tax_debt_total","tax_timetopay","tax_ptr_online","tax_ctr_online","tax_vatr_online"
"AUS","Australia",0.8200818909361623,0.7760063929677357,0.3472100146490875,0.8905321447866019,0.4100775193798448,0.6844444444444445,0.5598484848484845,0.5968253968253967,0.661032863849765,0.7129251700680271,0.436745406824147,0.6711538461538461,0.7553719008264463,0.6624679170779862,0.5,0.7777777777777778,0.6666666666666666,0.8,0.75,1,1,1,1,1,1,1,1,0.8278551266250049,0.8449475571347318,0.6460415282980659,0.6809575583663006,0.612388414053589,0.845234813464252,0.5381366062471173,0.5111612657183873,0.812616953779897,0.3341703703700556,0.7231652712999513,0.54061302682,0.4429202935651398,0.45263578689836015,0.7810875683080934,0.5714285714285716,0.875,0.6460650807209083,0.5833225026379131,0.8799783636357255,0.666627794459349,0.7784764183175271,0.50239236206664994,0.5989131305152641,0.85,0.7822598134894818,0.5428571428571427,0.9333333333333332,0.5753827412476735,0.7333062329842156,0.7698730008262011,0.6278788460298433,0.5909091053475936,1,0.6851850935649035,0.8927159770809652,0.8524844706096568,0.7514355764855187,0.9361909730565682,0.808021910156507,0.75,0.7966074469021401,0.4042142324637793,0.6670201146496635,0.5843084325055735,0.7648741489265932,1,0.1,0.8,0.19261598839638874,0.8373752269919161,0.9557591623036649,0.625,0.7711042985756118,0.45,1,0.6547409914874925,0.4118716516601639,0.5,1,0.6666666666666666,1,0.6666666666666666,0.75,0.8571428571428571,1,0.8571428571428571,0.5714285714285714,0.6727272727272727,0.6222222222222222,0.55,0.545207683399976,0.8183421086914667,0.4813784920540739,0.75,0.776470588235294,0.7744807121661722,1,1,0.8228346456692913,0.6945606694560669,0.5,0,0.4680011214110203,0.9558713925268119,0.8635235732009926,0.9524975354329169,0.9044704276410815,0.7500771770771729
"AUT","Austria",0.826353992183138,0.7144141444411147,0.8877347183379939,0,0.43023255813953487,0.4000000000000001,0.5795454545454545,0.6825396825396826,0.2676056338028168,0.5816326530612244,1,0.44230769230769224,0.6776859504132233,0.484304047384008,1,0.2222222222222222,0,0.4,0.75,1,0.6666666666666666,0.8,1,1,1,1,0.3333333333333333,0.9663134016308786,0.9697624190045293,0.7725641426149987,0.8273728213904326,0.7337278106524803,0.7565113978602658,1,0.6785714285714286,0.8857517166600032,1,0.8909090909088926,0.32183908045862075,1,0.2300549736808885,0.4520025152996883,0.2142857142857142,0.375,0.886355826534319,0.9443657703192877,0.6118047808005047,0.09383378388905268,0.2314049500717159,0.8004385960535935,0.5846153922041425,0.675,0.5518867924528302,0.6571428571428569,0.7,0.9698818862378902,0.9223116440844871,0.555657518876864,0.3348811436756063,0.48949578241473074,0.6383389538358728,0.505653710238749,0.8237476766330143,0.8061224561345969,0.7978436542338396,0.8001107213977122,1,0.75,0.7840908867639452,0.8015601407255005,0.5923344260049263,0.6054228579132659,0.723684193801938,1,0,0.6,0.3423782249332331,0.8473413283037902,0.543979057591623,0.75,0.48668832011090757,0.64,0.3894165535956581,0.6806053873901236,0.37446560881092983,0.6666666666666666,0.6018128435610387,0.5,0.3333333333333333,0.5,0.5,0.14285714285714285,0.3333333333333333,0.8571428571428571,0.5714285714285714,0.8181818181818182,0.6666666666666666,0.75,0.3353357207687713,0.9351381405201553,0,0.75,0.6882352941176471,0.6468842729970327,0.6611570247933884,0.6593406593406593,0.3464566929133859,0.04602510460251046,0.5,0.7777777777777778,0.6395384320051919,0.9694880852568989,0.7990074441687345,0.8379084361892244,0.9542664971194411,0.947750486104862
"BEL","Belgium",0.8149078726968175,0.6820497452801918,0.46304434678385903,0.4254457050243112,0.48837209302325557,0.5066666666666668,0.39772727272727254,0.5,0.2676056338028168,0.7551020408163263,0.8661417322834646,0.4807692307692307,0.4545454545454547,0.42922013820335636,0.8888888888888888,0.6592592592592593,0.6222222222222221,0.6933333333333334,0.7166666666666667,0.9111111111111111,0.7777777777777777,0.76,0.8133333333333332,0.7666666666666666,0.8333333333333334,0.8888888888888888,0.7111111111111111,0.8503537649100775,0.8523694575129822,0.6017937818606031,0.6653446071659961,0.6410256410193129,0.6459101702675493,0.42769376181222374,0.389163265306,0.8082610528844898,0.6391666666675,0.5170454545454856,0.32183908045862075,0.3763440860225806,0.3720066726937614,0.36842353455074867,0.28571428571428575,1,0,0.6141694363983549,0.7812551330734617,0.5817694405946998,0.8884297524964142,1,0.6315934027538563,0,0.7531446540880503,0.6,0.8333333333333331,0.8117699281452645,0.7699197107326142,0.37988646150563166,0.3879827775954777,0.6029411788062283,0.6206896551724138,0.5813206550151676,0.7884972218297475,0.7414966006397797,1,0.8895349097683117,0.8215961828627513,0.75,0.7840908867639452,0.21160408726019025,0.6910568718024969,0.8725212435698865,0.4605263805055442,0,1,0.2,0.45996280344142393,0.8514977776457808,0.3675392670157067,0.5,0.7524829915255982,0.1,0.45047489823609227,0.41275675913996407,0.4689035512806679,0.5,0.541983061356839,0.6666666666666666,0.6666666666666666,0.6666666666666666,0.875,1,0.3333333333333333,0.42857142857142855,0.42857142857142855,0.7575757575757577,0.48888888888888893,0.5166666666666667,0.4223736144780989,0.6282937752233027,0.3716423728566524,0,0.6558823529411765,0.5727002967359051,0.68044077134986225,0.6785714285714285,0.5275590551181103,0.47280334728033474,0,0,0.5034995505204218,0.9164103379093017,0.7866004962779156,0.5183928692942497,0.9887464019032951,0.9761962419241189
"BGR","Bulgaria",0.8166201377256654,0.774468085106383,0.6484218937275266,0.6370340356564019,0.5341085271317828,0.5564444444444444,0.5022727272727271,0.4931216931216932,0.434741784037559,0.7210884353741496,0.39107611548556426,0.6423076923076925,0.7371900826446284,0.3472589667653834,0.688888888888889,0.5333333333333333,1,0.6,0.75,0.8666666666666666,0.3333333333333333,0.4,1,0.5666666666666667,1,0.4888888888888889,0.6666666666666666,0.36914188496302974,0.5464362850906287,0.4253870652141656,0.5125957034685664,0.266025641028287,0.43333773547627075,0.5259646391631959,0.11452380952285714,0.24054330803415935,0,0.5594405594410172,0.597701149424138,0.01720430107548387,0.3124991859778713,0.6741380085057145,0.14285714285714288,0.375,0.6813503556868995,0.6602017644901795,0.19208939468947345,0,0.14462804172870344,0.4298245516004924,0.43284019013228003,0.3516666666666667,0.6162342038556702,0.3523809523809523,0.6822222222222221,0.6624583224620211,0.766465588776373,0.6991943623823136,0.5218626189837795,0.43449196509122373,0,0.2153683090917029,0.29770230275568615,0.3214285512329926,0.5698113562548968,0.2635659131010332,0.41332601229775384,0.25,0.3661130742886149,1,0.6060037119708948,0.3909348190580128,0.2196356698726853,0.6,0.3,0.18666666666666668,0.3296089422802036,0.5022875387505151,0.661780104712042,0.375,0.2194951172693331,0.18,0.30800542740841247,0.45266571466362293,0.046274523639729614,0.5,0.32111373532216986,0.5,0.16666666666666666,0.3333333333333333,0.375,0.42857142857142855,0,0.14285714285714285,0.2857142857142857,0.7818181818181817,0.48888888888888893,0.5333333333333333,0.10720705100855747,0.6574943133437114,0.47516485861717117,0.375,0.6415686274509803,0.6057368941641939,0.4086317722681359,0.39615384615384613,0.5937007874015748,0.49037656903765686,0.5,0.4444444444444444,0.40528874249883057,0.8620309357351132,0,0.2425990370115978,0.4325205748872582,0.995937825612824
"CAN","Canada",0.8403126744835289,0.7644590949955049,0.36995605273671567,0.9224068071312806,0.7325581395348834,0.8800000000000002,0.6818181818181815,0.6507936507936508,0.4929577464788734,0.7551020408163263,0.5826771653543307,0.7884615384615387,0.9669421487603309,0.8718657453109575,1,1,0.7777777777777777,0.5466666666666666,0.85,1,0.8000000000000002,0.76,0.8,0.5,0.9166666666666664,1,0.8666666666666667,0.7201824911799223,0.7077472989313212,0.6092040128278654,0.7115029603171955,0.6749123383728414,0.5963369094027725,0.5404666592519742,0.4449165739020381,0.6663841705816892,0.5249222222224444,0.5725558754969774,0.5241379310342529,0.7100716845874409,0.5190281145431556,0.742668946381315,0.2142857142857142,0.625,0.7024284453520706,0.8660142801185107,0.9467183060380744,0.8400883348954187,0.818424903058093,0.8040021840000048,0.5652714764913626,0.8166666666666667,0.8286163522012578,1,0.9166666666666666,0.7449405235057577,0.6440242199360382,0.8428087660265253,0.9301725220176451,0.7897924277071035,0.7866588065880507,0.6065631853859483,0.8920454497786302,0.9293154740867701,0.8435072111909196,1,0.950151790143995,0.75,0.9872995572762263,0.6841998539260219,1,0.766288946544792,0.904798787658874,1,0,0.8,0.23603351902562342,0.8742322414911589,0.7646596858638744,0.75,0.8563809037549942,0.63,0.7964721845318861,0.7010253219746143,0.4630427116125882,0.5,0.929445443971555,1,1,0.8333333333333334,0.625,0.8571428571428571,1,0.7142857142857143,0.5714285714285714,0.36363636363636365,0.6666666666666666,0.75,0.5151186190770904,0.7908178853611271,0.376377493743945,0.625,0.776470588235294,0.9109792284866469,0.6776859504132231,0.8131868131868132,0.7440944881889763,0.9456066945606695,0.625,0.6666666666666666,0.4390120383494829,0.939876941007633,0.7990074441687345,0.7830474045654998,0.7994536798025333,0.766091070366428
"CHE","Switzerland",0.805676530802159,0.7215662770951953,0.49095751764549184,0.6579956780118856,0.49534883720930234,0.6906666666666667,0.7409090909090907,0.6153439153439153,0.49671361502347455,0.6891156462585032,0.5480314960629921,0.6615384615384616,0.7250688705234161,0.7547745969068773,0.8333333333333334,0.5555555555555556,0.3333333333333333,0.8,1,1,1,0.8,1,1,1,1,1,0.6862571627718212,0.42502858594826687,0.6584396606225829,0.12268747105781877,0.4602564102590908,0.18832611254132112,0.1002668742309973,0.24348299319628572,0,0.34800000000000003,0.7017982017967306,0.712643678162069,0.4372759856612904,0.849453548675803,0.5788257311870474,0.28571428571428575,0.75,0.8506093204040246,0.9417283564784686,0.8964812511570914,0.5817694405946998,0.7173553504289312,0.23026314765408584,0.8476923959748571,0.9,0.7366352201257862,0.3142857142857142,0.9666666666666666,0.4438135381182147,0.9751240786388733,0.20696303982931988,0.3427830596091443,0.5500000026470587,0.8965517241379312,0.9024969877833227,0.8519480454106929,0.8190476136621314,0.9433962462798158,0.8895349097683117,0.6967135295990704,0.875,0.8272727396384305,0.01638232458012749,0.4146341645449146,0.7025495683297353,0.810526328005541,1,0.5,0.2,0.6245810332411598,0.7708343415750492,0.58821989528795815,1,0.6472113317977957,0.37,0.12483039348710989,0.37180287005240087,0.5215518143842252,0.8333333333333334,0.3358758569030983,0.8333333333333334,0.3333333333333333,0.3333333333333333,0.875,0.5714285714285714,0.8333333333333334,0.42857142857142855,0.7142857142857143,0.6484848484848484,0.5333333333333333,0.41666666666666663,0.6088437318360831,0.1960292714027384,1,0.75,0.7970588235294118,0.7952522255192879,0.5426997245179063,0.4505494505494505,0.7165354330708662,0.5104602510460251,0.75,0.6666666666666666,0.9319132004245972,0.9994135983009068,0.967741935483871,0.4942848758118275,0.5121925805658003,0
"CHL","Chile",0.15214963707426019,0,0.5165801038753493,0.7487844408427877,0.8488372093023252,0.3466666666666667,0.5227272727272724,0.5476190476190477,0.647887323943662,0.6938775510204079,0.4094488188976378,0.8942307692307694,1,0.6345508390918068,0.8333333333333334,0.4444444444444444,0.48888888888888893,0.5066666666666666,0.8,0.6666666666666666,0.9555555555555554,0.7333333333333334,0.8,0.5,1,0.6666666666666666,0.6666666666666666,0.6212328591135042,0.7083949647611493,0.524401952963099,0.6773248893390093,0.5097522230855197,0.5815043829071277,0.628183587233253,0.3852637188207619,0.6355870778619187,0.37514444444422224,0.5807905381892288,0.5310344827583907,0.6607014848950538,0.2995136192929349,0.5498248627880943,0.3571428571428572,0.5,0.46423985765978637,0.6311097159121695,0.5902383995030688,0.33780161224187627,0.27479333916057336,0.50239236206664994,0.43513984430120267,0.775,1,0.6,0.7,0.3571063864406304,1,0.7220941665223493,0.7072824522873031,0.2205882516435985,0.4857330350844544,0.45639477693638725,0.8025973938809239,0.7964285653698978,0.705660385560698,0.7822259105508356,0.9152582118363314,0.5,0.7768939994477476,0.2866894187189135,0.539024496835222,0.6407416802434375,0.5618420747957045,0,0,0,0.8569832383084174,0.6369152958678174,0.5293193717277488,0.625,0.6813602270116278,0.28,0.45047489823609227,0.22521799726646127,0.5475393702504423,0.5,0.4906701875508098,1,1,0.6666666666666666,0.75,0.8571428571428571,0.8333333333333334,0.5714285714285714,0.14285714285714285,0.7272727272727273,0.6666666666666666,0.75,0.5253681210313529,0.6477921804320845,0.3276572372658714,0.75,0.3764705882352941,0.38575667655786355,0.3140495867768595,0.08516483516483517,0.21653543307086615,0.1673640167364017,0.75,0.4444444444444444,0.5546426096496023,0.4739783531616037,0.38957816377171217,0.9972399216729386,0.9900994238472747,0.9708793980734145
"CZE","Czechia",1,0.8900209769253822,0.7758689572512981,0.2722852512155592,0.5697674418604651,0.68,0.5909090909090906,0.6269841269841271,0.1549295774647889,0.7653061224489796,0.6771653543307086,0.4807692307692307,0.578512396694215,0.6991115498519251,0.8444444444444444,0.5111111111111111,0.3333333333333333,0.8,0.75,0.888888888888889,1,0.6,1,0.9666666666666666,1,0.9333333333333332,0.6666666666666666,0.42422287598128944,0.9466395629534388,0.18838242250380893,0.41744966419056095,0.45405982905328973,0.6144497194239432,0.693949460690509,0.32142857142857145,0.3627755692082669,0.389166666665,0.5288961038945527,0.6896551724137931,0.38709677419032257,0.29299348047538726,0.6125371884880478,0.07142857142857144,0.5,0.8463657318772043,0.5852075473026224,0.6118047808005047,0.3106940540722001,0.3789256031391287,0.38991227081121105,0,0.875,0.8915094339622641,0.6,0.7,0.17713529759646673,0.06786532835629766,0.5422947996325358,0.26599687670997424,0.3760504124938211,0.32758620689655177,0.19069187520535313,0.39682538115852334,0.40624998232886855,0.49056604670701354,0.47222230792035996,0.6481481764780023,0.5,0.4242424402720394,0.5870306995026168,0.4607046641284974,0.6270065751162963,0.153508793501848,0,0.26666666666666666,0,0.1855989805908403,0.6581059055444335,0,0.5,0.4036963006439819,0.46,0.40976933514246944,0.39471405616981253,0.37109525756330375,0.6666666666666666,0.5055842157183613,0.6666666666666666,0.3333333333333333,0.3333333333333333,0.5,0.42857142857142855,0.16666666666666666,0.2857142857142857,0.5714285714285714,0.6666666666666667,0.4222222222222222,0.6166666666666667,0.6566355051638183,0.8795782554426352,0.2461961844013972,0.75,0.7529411764705881,0.7507418397626113,0.2809917355371901,0.2802197802197802,0.37007874015748027,0.3138075313807531,1,0.5555555555555556,0.2331023721719099,0.9272745764617076,0.5533498759305211,0.06319939268772977,0,0.42213604293208234
"DEU","Germany",0.9726409826912342,0.8453700928978125,0.3200159808230121,0.6219611021069692,0.41860465116279066,0.49333333333333346,0.8295454545454541,0.6666666666666666,0.16901408450704242,0,0.7874015748031495,0.6153846153846155,0.5950413223140497,0.6991115498519251,0.8333333333333334,0,0,0,0,1,0,0,0,0.5,1,0.6666666666666666,0.6666666666666666,0.7881428773965297,0.9874010079181752,0.7390267763961887,0.8360066314403327,0.7474358974378071,0.7856586478606082,0.8452963415972775,0.21306802721142856,0.8432718949509626,0.3613333333325,0.7909090909091654,0.5517241379310345,0.02396313364064516,0.8808840748052609,0.720678490551261,0.6428571428571429,0.75,0.8868990931374955,0.5362795719574598,0.821923118931112,0.6750512228753214,0.8214875623413675,0.6792763065335006,0.30559441329814463,0.8,0.8565903064900905,0.39999999999999986,0.29999999999999993,0.9791662065820158,0.9942456194779988,0.5176959560998663,0.44151263040337785,0.38092981540629517,0.810344827586207,0.8360026921852599,0.9012986969404619,0.8718253854709936,0.7735849171947318,0.8617825560197772,0.952521531559228,0.75,0.6842619882503561,0.09776504651174939,0.2813588025962403,0.7753945671477522,0.5912564449971005,1,0,0.8,0.7051721146253136,0.9204390290181661,0.793979057591623,0.625,0.6921247575025218,0.55,0.43012211668928085,0.34819935890841336,0.607774215372581,0.6666666666666666,0.6799918252048013,0.6666666666666666,0.5,0.16666666666666666,0.5,0.42857142857142855,0.16666666666666666,0.7142857142857143,0.7142857142857143,0.36363636363636365,0.3333333333333333,0.25,0.6367379890424489,0.7940036842994616,0.22157882382125368,0.75,0.8176470588235294,0.7507418397626113,0.768595041322314,0.7664835164835164,0.4251968503937008,0.3556485355648536,1,0.7777777777777778,0.07597669117228646,0.9111761915235794,0.5831265508684863,0.6236947000581461,0.7678919714092066,0.8540987036969473
"DNK","Denmark",0.9120603015075378,0.8567575666766558,0.5517379145025965,0.684967585089141,0.6395348837209303,0.42666666666666675,0.7159090909090909,0.5079365079365078,0.647887323943662,0.7959183673469385,0.8897637795275589,0.6826923076923076,0.9834710743801657,1,0,0.5851851851851851,0,0.6,0.5,0,1,0.6,1,1,1,1,0,0.995789175204597,1,1,0.7952884470424127,0.5635198135230819,0.8976201678579979,0.995183754030895,1,0.8854354896993962,0.5,1,0.712643678162069,0.49462365591290325,0.5275794113777388,0.5691356217422477,0.3571428571428572,0.375,0.9827463763135762,0.7199397653736626,0.9168152915320029,0.9302949270964357,0.7694214954347386,0.28015349864068745,0.4201923059532174,1,0.7712264150943396,0.5714285714285713,0.5333333333333333,0.8380118327403324,0.3625947263503761,0.3852926918472831,0.4944918809312364,0.27941174835640153,0.8335940208812939,0.7983773369042093,0.952999377145427,0.9353741445051827,0.8754717146457821,0.863985126332573,0.805164314778263,1,0.8087121352380344,0.4763786700276056,0.6110398585334574,0.7535410709017806,0.7901662188784816,0.6666666666666666,0.26666666666666666,0.5866666666666667,0.5498802736315525,1,1,0.875,0.9177172454736257,0.63,0.7150610583446404,0.6174702737185651,0.6907036088573187,0.8333333333333334,0.8636854796053207,1,0.6666666666666666,1,0.75,0.8571428571428571,0.6666666666666666,0.7142857142857143,1,0.5454545454545454,1,0.5,0.7462428497533584,0.8601710852820416,0.8291509778147851,0.75,0.5147058823529412,0.23738872403560835,0.650137741046832,0.6428571428571428,0.5984251968503937,0.3849372384937239,1,0.8888888888888888,0.8115497185458513,0.9796746299370408,0.7965260545905707,0.30393039533284333,0.7084875362186418,1
"ESP","Spain",0.678391959798995,0.6487863350314654,0.5388467172726059,0.6529578606158832,0.43023255813953487,0.6266666666666669,0.4659090909090908,0.7063492063492062,0.2676056338028168,0.7142857142857141,0.37007874015748027,1,0.8512396694214878,0.4702862783810465,1,1,1,0,1,1,1,0.2,1,1,1,1,0.6666666666666666,0.8162385788332451,0.5464362850906281,0.5821068200679255,0.9046552916702728,1,0.9829903210303214,0.7092738796831158,0.3484625850314286,0.8644380195150962,0.7225,0.7575757575750138,0.8850574712655173,0.27956989247419356,0.32724844663114744,0.5156066956455648,0.7857142857142856,0.875,0.7142286759676527,0.6342752970044656,0.6221192041165743,0.5393402636623752,0.6200143567116455,0.7421815533819771,0.04130429599707067,0.725,0.31999566254608564,0.39999999999999986,0.7333333333333333,0.8767952087554951,0.7847757385148373,0.5833629260048525,0.459065390463203,0.23235291922145335,0.9655172413793103,0.26175837000888724,0.6137774829460187,0.5771221445572068,0.6037735881096477,0.7495667199035422,0.7130026256259078,0.625,0.6542325766086338,0.5413266277940973,0.4326618360680807,0.28870549096216397,0.4164759765235459,0.6666666666666666,1,0.4666666666666667,0.4704881553732107,0.6833927055586602,0.9557591623036649,0.375,0.5492253901368312,0.56,0.5617367706919946,0.776396080621431,0.3486020585444639,0.3333333333333333,0.5809566137621972,0.6666666666666666,0.8333333333333334,0.5,0.625,0.7142857142857143,0.5,0.5714285714285714,0.42857142857142855,0.9090909090909091,0.6666666666666666,0.25,0.21255945544557375,0.6312405686452494,0.4753377198515753,0.375,0.5911764705882352,0.5756676557863503,0.24517906336088155,0.24999999999999997,0.4094488188976378,0.39748953974895407,0.375,0.3333333333333333,0.6662283129729853,0.9420558822219276,0.7580645161290323,0.756030444945766,1,1
"EST","Estonia",0.8665549972082637,0.8285885525921486,0.5633240111865757,1,0.9302325581395349,0.7066666666666667,0.8068181818181814,0.3968253968253969,0.5915492957746478,0.8673469387755103,0.46456692913385833,0.5288461538461539,0.6033057851239668,0.7630799605133266,0.8333333333333334,0.5555555555555556,0.6444444444444445,0.6933333333333334,0.8166666666666667,1,0.8666666666666666,0.4666666666666667,0.8133333333333332,0.5,1,0,0.8444444444444444,0.6781156876304534,0.9697624190045293,0.6128570328791942,1,0.8910256410237999,1,0.985551262092685,0.6428571428571429,0.9157932779176612,0.945,0.8181818181819422,0.6609195402310344,0.967741935483871,0.4080282339865227,0.6041746675386895,0.4285714285714285,0.75,0.8463831862259008,0.780321822192544,0.5327279307613569,0.5004468392760196,0.5206611116283012,0.2080896405879159,0.8769230718639051,0.775,0.6438679245283019,0.45714285714285696,0.8666666666666666,0.5547156456510207,0.39025582452753416,0.5349824096107729,0.3155962749223908,0.1617647019896194,0.4310344827586207,0.6054491037214144,0.6298701135267323,0.6324404652512043,0.2641509299394795,0.5877284249207813,0.8215961828627513,0.75,0.5816761608016434,0.9624572666938535,0.36280489397680027,0.3626062178494326,0.6101973961435266,1,0.5,1,0.6536312834555725,0.7896891297198004,0.7646596858638744,0.625,0.6856646984491692,0,0.7530529172320216,0.3981955623268064,0.5627707586469878,0.8333333333333334,0.9009102416129265,0.8333333333333334,0.3333333333333333,0.6666666666666666,0.625,0.5714285714285714,0.16666666666666666,0.7142857142857143,0.5714285714285714,0.7272727272727273,0.3333333333333333,0,0.7965593902497451,0.7082439860738414,0.6132261715016811,0.75,0.838235294117647,0.7626112759643917,0.5619834710743802,0.4038461538461538,0.8543307086614172,0.702928870292887,0.625,0.5555555555555556,0.9428726964388627,0.9740644417971236,1,0.9943364786787321,0.9719260924233363,0.997197437336601
"FIN","Finland",0.7928531546621999,0.9496553790830086,0.218138234119057,0.8519043760129661,0.46511627906976716,0.9600000000000003,0.7386363636363636,0.5317460317460317,0.8028169014084505,0.6122448979591836,0.7637795275590553,0.6346153846153847,0.9090909090909092,0.8953603158933859,1,0.2222222222222222,0.6666666666666666,1,1,1,1,1,1,1,1,1,1,0.6225521922586397,0.9725112900037052,0.8556509794039857,0.948178014108129,0.8653846153839246,0.368103308009762,0.6654898254185249,0.5482142857142858,0.6539573545351255,0.7366666666675,0.5979020979038144,0.8620689655172413,0.9032258064516129,0.7218162642638742,0.5596132910293906,0.4999999999999998,0.625,0.6687830064461092,0.8714833797923499,0.8490352123027324,0.5004468392760196,0.795454528888053,0.36330409027040367,0.4201923059532174,0.825,0.6257861635220127,0.5428571428571427,0.7666666666666666,0.663947745136414,0.4278132896543473,0.6508668806461895,0.7239376279774158,0.8147059363840828,0.7551724137931034,0.9818532843170519,0.9177488976668344,0.8869047585388321,0.8301887048771817,0.8895349097683117,0.9256650865996983,0.875,0.7601010860508535,0.21160408726019025,0.48373978953003954,0.9291784459870469,0.8289473633310246,0,0,0.5733333333333334,0.8472998215702796,0.938295977973628,1,0.75,0.8500075453080869,0.37,0.7964721845318861,0.6644288471618716,0.7260035377580712,1,0.9783152549017559,0.8333333333333334,1,1,1,0.8571428571428571,0.6666666666666666,0.7142857142857143,0.7142857142857143,0.9090909090909091,0.3333333333333333,0.25,0.4933940400993073,0.9448149102266099,0.4275874980754425,0.875,0.538235294117647,0.3620178041543027,0.27548209366391185,0.13736263736263735,0.641732283464567,0.4937238493723849,0.875,0.8888888888888888,0.6824091763395619,0.9713057124888496,0.9007444168734491,0.13264516510821955,0.6550984709633031,0.8511208930014103
"FRA","France",0.6702959240647683,0.5334132454300269,0.7631642029564519,0.2544570502431118,0.3255813953488371,0.5733333333333336,0.2840909090909088,0.380952380952381,0.1549295774647889,0.6632653061224489,0.4724409448818898,0.7115384615384617,0.7520661157024794,0.3251727541954591,1,0,0,0.8,0.75,1,1,1,0.6,1,1,1,1,0.6060360378908729,0.7868123491286636,0.6091618915242382,0.9063863370601991,0.6891025641041748,0.5396460231492485,0.3317580340231973,0.22238095238095237,0.6327701481744613,0.03666666666666667,0.6227272727288595,0.6206896551724138,0.8010752688177419,0.36064799315692525,0.7847382703472486,0.4285714285714285,0.375,0.960001178168537,0.736751248020137,0.7699583622635845,0.6704849990159557,0.6652892314561831,0.8833732422880992,0.34545454844405615,0.7666666666666666,0.8592767295597484,1,0.5999999999999999,0.6234056970266267,0.7252110268854944,0.6079268000647525,0.39433540285827945,0.09759356413180253,0.6551724137931035,0.5499856211698376,0.8205430920759287,0.8149350409206858,0.7169811295122818,0.9139232881958709,0.7648314114262044,0.625,0.6990358204788071,0,0.5277163036558379,0.45531804997887926,0.669856465543944,1,0,1,0.5664804456614962,0.7784344582475802,0.911780104712042,0.5,0.7106570307111768,0.9,0.8168249660786974,0.8836007269841426,0.6365976660796006,0.5,0.8881177756888844,0.3333333333333333,0.6666666666666666,0.3333333333333333,0.75,0.8571428571428571,0.8333333333333334,0.5714285714285714,1,0.5575757575757575,0.5333333333333333,0.4666666666666667,0.6876639506677218,0.8695636651323282,0.4070562488490752,0.375,0.5941176470588235,0.5252225519287834,0.578512396694215,0.4697802197802198,0.4763779527559055,0.5523012552301255,0.375,0.2222222222222222,0.17231630269994924,0.9645918030565128,0.7791563275434243,0.3897782075593105,1,1
"GBR","United Kingdom of Great Britain and Northern Ireland (the)",0.8176996091568958,0.6478873239436619,0.4458649620455451,0.3820907617504052,0.6860465116279071,0.6000000000000002,0.6818181818181815,0.7460317460317462,0.8732394366197185,1,0.5433070866141732,0.6442307692307692,0.7355371900826447,0.8766041461006909,1,1,0.6666666666666666,0.8,0.5,1,1,0.8,1,1,1,1,0.3333333333333333,0.5583168697518366,0.9622030237590636,0.6909718320995731,0.602998439377115,0.11217948718006222,0.5758895615538386,0.27415767818872283,0.16214285714285714,0.1196241416703147,0.11333333333425,0.9166666666666667,1,0.6200716845870968,0.5954636179192235,0.789625033695799,0.7857142857142856,0.75,0.8236379880808616,0.9454988331305342,0.8001936179889748,0.6261272320037192,0.6959163970162365,0.5585738264442409,0.5846153922041425,0.8,0.970125786163522,1,0.7333333333333333,0.7552265726727253,0.7294972974938125,0.7662931839997689,0.35005315679490306,0.5173010175452882,0.7586206896551724,0.7060862125298958,0.8108224942441101,0.811507915818688,0.5317324223114018,0.7251099051788412,0.6796840981681063,0.75,0.7219352478382083,0.6143344236321963,0.5402809627440425,0.6706798792222068,0.6866028612943837,1,0,0.6,0.2759775949140164,0.8878829669085059,0.9557591623036649,0.625,0.7148327381069959,0.82,1,0.8042159201689111,0.4898138556743984,0.8333333333333334,0.9858463573924309,1,1,0.8333333333333334,0.875,0.8571428571428571,0.8333333333333334,0.5714285714285714,0.7142857142857143,0.6363636363636364,0.6666666666666666,1,0.8197493084496451,0.8207876364286628,0.38578144859499647,0.75,1,1,0.9338842975206613,0.9642857142857142,1,0.8284518828451883,0.875,1,0.6944021559543444,0.9968122805159024,0.8635235732009926,0.8489305293789252,0.9834433717386855,0.9965045556153923
"GRC","Greece",0.28531546621998877,0.43182499250824086,0.8345984818218135,0.4507698541329011,0.023255813953488386,0.64,0.3863636363636364,0.380952380952381,0.1267605633802818,0.2653061224489796,0,0.5288461538461539,0.7520661157024794,0,0.6666666666666666,0.4444444444444444,0.6666666666666666,0.2,0.75,0.6666666666666666,1,0.8,1,0.5,1,0.3333333333333333,0.6666666666666666,0.26496337733827946,0.22275672490365503,0.4133933184589093,0.4767242168277542,0.8717948717961373,0.2612600811404987,0.19743828533004715,0.005952380952285715,0.036140224070085915,0.25,0.3743315508006806,0.4827586206896552,0.08602150537419355,0,0.37367312022409305,0,0.5,0.6796930652781733,0.5599202577503344,0.40620504186785,0.3703306722867747,0.47438013723379374,0.7149122259098952,0.07869824927230454,0,0.6014150943396227,0.8571428571428569,0.3333333333333333,0.7706933635958322,0.9695813925427608,0.861636589659552,0.7002417584511516,0.5066845117253852,0.3793103448275862,0.19375193322800544,0.3356643044319303,0.2866299823401781,0.1283018327091465,0.44880164180581594,0.3428794754380392,0.375,0.3234848339436975,0.5269624163151622,0.2764227072575822,0,0.25789471560941696,0,0.5,0.4133333333333334,0.5307262625011704,0.5685613598354667,0.6764397905759161,0.125,0.25385225344140355,0.37,0.3283582089552239,0.5062682378799235,0.3321064198121155,0.6666666666666666,0.29527342951986285,0.6666666666666666,0.5,0.16666666666666666,0.625,0.42857142857142855,0.5,0.7142857142857143,0.14285714285714285,0.5454545454545454,0.6666666666666666,0.6166666666666667,0.758352900968497,0.3326668463678139,0.26604644290591767,0.125,0.39117647058823535,0.11869436201780416,0.04683195592286501,0.0467032967032967,0.5984251968503937,0.2384937238493724,0.125,0,0.5833733413693767,0,0.6451612903225806,0.7219897707037147,0.7701774132201189,0.7467078388867051
"HRV","Croatia",0.7711892797319934,0.6898211966836479,0.7636968970568647,0.6928552133981631,0.6217054263565891,0.4808888888888889,0.5181818181818179,0.5497354497354499,0.42535211267605644,0.6251700680272106,0.5459317585301837,0.664102564102564,0.710192837465565,0.43223428759460353,0.9,0.2666666666666667,0,0.4,0.5,0.9333333333333332,0.3333333333333333,0.8,0.8,0.5333333333333334,1,0.5333333333333333,0.6666666666666666,0,0,0.23954060031210542,0,0.10897435896722532,0.0672292466544583,0,0.36511904762,0.010435489700028599,0,0.31818181818330576,0.5,0.3440860215032258,0.14574762415323883,0.5546748643024851,0.14285714285714288,0.5,0.6652199920655439,0.6388970863847914,0.42202038815263626,0.3134048538033767,0.4570247555651913,0.6892544166431018,0.32153845420266236,0.485,0.7646349426220143,0.6019047619047617,0.5011111111111111,0.31069535228627526,0.4475201552337248,0.45806042689216686,0.36628361341558524,0.8147059363840828,0.20689655172413793,0.061961410751109676,0.39682538115852334,0.4470899406872006,0.34905659448202153,0.6212624787927291,0.47469998276932035,0.375,0.39625420089842517,0.9061432793626085,0.5701219762492575,0.3626062178494326,0.33771928491458836,0.7999999999999999,0,0.9066666666666666,0.3469895210123139,0.6154890957276061,0.3971204188481677,0.25,0.296422423106929,0.1,0.18588873812754408,0.2778474443698736,0.44588822078005896,0.6666666666666666,0.2754934776081011,0.3333333333333333,0,0.5,0.25,0.14285714285714285,0,0.14285714285714285,0,0.703030303030303,0.4222222222222222,0.7,0.357126716872098,0.6521514733514671,0.31726926546731665,0.5,0.557843137254902,0.49040553907022755,0.4115702479338843,0.40219780219780216,0.5931758530183727,0.4970711297071129,0.375,0.3333333333333333,0.6556874207513227,0.8122021027821117,0.6129032258064516,0.5441839837371888,0.8700034143810651,0.9878695737077073
"HUN","Hungary",0.7777405546249768,0.7182499250824093,0.7169796244506588,0.7011750405186387,0.567441860465116,0.473777777777778,0.5075757575757573,0.6169312169312168,0.4215962441314553,0.6095238095238095,0.49448818897637786,0.5596153846153844,0.74435261707989,0.43233958538993095,0.7999999999999999,0.4666666666666667,0.3333333333333333,0.4,0.75,0.7111111111111112,1,0.8,0.6,0.5666666666666667,1,0.5777777777777778,0.6666666666666666,0.171570589891996,0.2872570194320185,0.3140656214842447,0.16961788028599753,0,0.5205795359672832,0.3734015345276336,0.38095238095428574,0.42205758342253563,0.5275,0.23295454545315084,0.41379310344827586,0,0.16695854154399717,0.39353454081908956,0.2142857142857142,0.75,0,0.042514419703087065,0.29549754670521566,0.07756927826338643,0.2487603057072588,0.3015350861875769,0.27769227594600415,0.875,0.96698113207547165,0.28571428571428564,0.5,0.0225923463896381,0.3643568024061261,0.42032097031729626,0.06499833853067859,0.14915969912258994,0.20689655172413793,0,0.3913419562410734,0.3063492007842025,0.1671159478207823,0.41047704713393707,0.48857587822845405,0.125,0.3570707111162766,0.9474402184225849,0.49756091452706447,0.7308782035326504,0.1657894837188372,0,0.5,1,0.17914342753264037,0.30508159297645976,0.2353403141361256,0,0.03050120555203381,0.29,0.40841248303934863,0.464013120115133,0,0,0.31645960701969716,0,0.6666666666666666,0,1,0.8571428571428571,1,1,0.2857142857142857,0.36363636363636365,0.3333333333333333,0.75,0.44370347544171473,0.825853461321943,0.23585644154303542,0.25,0.5676470588235294,0.5578635014836796,0.2947658402203857,0.29395604395604397,0.1889763779527559,0.1213389121338912,0.125,0.1111111111111111,0.7281569404781979,0.9041442972073057,0.43672456575682383,0.19557100954108556,1,1
"IRL","Ireland",0.9673366834170856,0.7887323943661971,1,0.536871961102107,0.47674418604651164,0.6133333333333336,0.5454545454545451,0.7460317460317462,0.5633802816901408,0.8979591836734693,0.29921259842519693,0.4807692307692307,0.7107438016528927,0.7204343534057255,1,0.8148148148148149,0.8000000000000002,0.5066666666666666,0.85,1,0.8444444444444444,0.6,0.7866666666666667,1,0.4166666666666664,1,0.7777777777777778,0.6783816344600091,0.9697624190045293,0.5984774369646214,0.7762115588140485,0.6634615384598122,0.3070344955846848,0.3568330924064777,0.013469387755142857,0.13888688109856243,0,0.6948051948053543,0.8275862068965517,0.795698924732258,0.44480368325325953,0.5725708047604342,0.5714285714285716,0.625,0.49787766028819314,0.6703306399596648,1,0.87009503595976,0.8072877259122869,0.8470892871646694,0.8237761701949942,0.875,0.8451257861635221,0.4857142857142856,0.8999999999999999,0.4589406496760157,0.7230880562527525,0.6068375176928861,0.41573781316728753,0.5147058940311418,0.9022988505747127,0.7193206370573945,0.8272727196458084,0.8190476136621314,0.5660377070131705,0.9431893423089419,0.6654929053089695,0.75,0.6761363931194059,0.46689422323008745,0.5804878718262968,0.3286119167957375,0.6171053189300587,1,0,0.8,0.21787709448519083,0.6382330786512428,0.8235602094240837,0.5,0.44647903603896427,0.1,0.4192672998643148,0.4985101887186822,0.3726003189786751,0.6666666666666666,0.516820380748922,0.5,0.6666666666666666,0.6666666666666666,0.75,0.8571428571428571,0.6666666666666666,0.2857142857142857,0.7142857142857143,0.6242424242424243,0.4666666666666666,0.5,0.8652262624035999,0.5369036406363202,0.47472531121763556,0.25,0.5558823529411765,0.48367952522255203,0.2066115702479339,0.18131868131868129,0.39370078740157477,0,0.375,0.3333333333333333,0.7519257433760929,0.9938293426022333,0.9205955334987593,0.9006377088462321,0.9967960525580388,0.9864594855193183
"ISL","Iceland",0.7691606179043365,0.7412446309060035,0.5834864828872016,0.7649243652079957,0.5007751937984495,0.6071111111111112,0.614393939393939,0.5349206349206349,0.3586854460093899,0.5897959183673468,0.516535433070866,0.6141025641025644,0.6881542699724519,0.5202369200394867,0.6666666666666666,0.6666666666666666,0.4222222222222222,0.38666666666666666,0.7833333333333333,1,0.9111111111111111,0.76,0.8133333333333332,1,0.4166666666666664,1,0.6666666666666666,0.5139243549452904,0.6889848812024107,0.7596948296970072,0.7663935892752788,0.8653846153839246,0.741434558882654,0.4751751362162701,0.7382142857142857,0.8580291531117759,0.8616666666675,0.4615384615358393,0.45977011494137937,0,0.6098419105500651,0.2869710664589995,0.07142857142857144,0.625,0.18476518991967728,0,0.5722664150885388,0.6224307534524314,0.7086776726111595,0.23026314765408584,0.1461538398298813,0,0,0.19999999999999993,0.46666666666666656,0.4206802560017762,0,0.8599400761108493,0.7383588454044208,0.3382352980103806,0.639865940185254,0.6612022984010172,0.958874473508743,0.9246031572798559,0.535849056475614,0.6212624787927291,0.6654929053089695,0.375,0.8020833695430891,0.5870306995026168,0.48373978953003954,0.6458923319182398,0.7828947750173154,0,0.26666666666666666,0.2,0.7504655379877865,0.4251523639470845,0.17643979057591627,0.5,0.25584828943617494,0.09,0,0.20981877378306632,0.11018160034824756,0.3333333333333333,0,0.6666666666666666,0.5,0,0.625,0.7142857142857143,1,0,0.8571428571428571,0.5454545454545454,0.3333333333333333,0.5833333333333334,0.49351829806909064,0.6163663903933198,0.36459792823896703,0.625,0.47647058823529415,0.12166172106824927,0.34710743801652894,0.34615384615384615,0.7637795275590552,0.2677824267782427,0.5,0.4444444444444444,0.6860561590263484,0.8847310888025363,0.7766749379652605,0.7506925376818057,0.8086265354111586,0.9750848296449148
"ISR","Israel",0.5128419877163597,0.414743781839976,0.30842988413903305,0.4576580226904376,0.3255813953488371,0.4533333333333334,0.19318181818181782,0.5238095238095236,0.4788732394366195,0.6836734693877551,0.5275590551181102,0.8653846153846153,0.9256198347107439,0.49457058242843044,0.8333333333333334,0.6666666666666666,0.6888888888888888,0.42666666666666664,0.6666666666666666,1,0.7555555555555555,0.5733333333333334,0.6133333333333333,0.5,0.6666666666666666,1,0.7777777777777778,0.6833697134403428,0.6859533975229279,0.6566590757498242,0.6730021227453318,0.5978580014471042,0.7052291189752294,0.5210609177494336,0.6329124716554285,0.7509526964617147,0.5417703703705,0.6831862255392149,0.6540229885057471,0.6833691756272473,0.47995427584927497,0,0,0.5,0,0.2655956801455451,0.5205623034961028,0.45040218218487876,0.5651620755804279,0.6600877391668589,0.10399401763042991,0.825,0.8207547169811321,0.7714285714285712,0.9333333333333332,0.4498563218413591,0.6871361908659895,0.9047041960593959,0.333162167502488,0.21606331637609816,0.5978728412208623,0.4747555086322369,0.6093073502811037,0.6795634749870082,0.08127713606265184,0.5593534645144386,0.41332601229775384,0.5,0.5986305130329176,0.5119453680438935,0.2551594794948063,0.46720416922842295,0.4746963800474126,1,0.3,0.6,0.24428641286192976,0.6755495965944837,0.5589005235602095,0.5,0.40007520782193334,0.38,0.2265943012211669,0.4950439913584903,0.3719272740277498,0.6666666666666666,0.3115752916227514,0.8333333333333334,0.5,0.5,0.375,0.5714285714285714,0.5,0.42857142857142855,0.7142857142857143,0.7272727272727273,0.6666666666666666,1,0.44740279876187067,0.7223416361329993,0.5555572441076682,0.25,0.4470588235294118,0.4362017804154303,0.4573002754820937,0.45604395604395603,0.7204724409448818,0.6861924686192468,0.25,0.1111111111111111,0.5423625567877373,0.5008482777500903,0.5310173697270472,0.8972061822586362,0.5466524356703779,0.30787765996872163
"ITA","Italy",0.6044109436069235,0.5798621516332034,0.8928219469969366,0.16187196110210691,0.5,0.4666666666666668,0.34090909090909094,0.5793650793650794,0.07042253521126768,0.7551020408163263,0.2047244094488189,0.6730769230769232,0.859504132231405,0.10345508390918044,1,0.6666666666666666,0.3333333333333333,0.8,1,1,1,0.6,1,0.5,1,0.3333333333333333,1,0.6982944032920421,0.9319654427635935,0.5176347530874024,0.6797414517209175,0.8136217948695565,0.8433417440882356,0.3911931502240191,0.7025714285714286,0.674617515962288,0.25,0.7545454545450082,0.5517241379310345,0.10650281618064517,0.052615306477571455,0.7799964228133245,0.14285714285714288,0.5,0.6233384278213592,0.38650393699961616,0.19665152567160646,0.2768096551536704,0.3528925696858144,0.8479532283946342,0.7983654372149622,0.775,0.7913116250760803,0.5714285714285713,0.7999999999999998,0.6503380545811296,0.5874355936826382,0.7941142070187795,0.5850484961426471,0.30709339231121535,0.41379310344827586,0.0783245751376062,0.1500720494837009,0.22089938990771993,0.5698113562548968,0.4468853718313573,0.3532863502014061,0.5,0.3486742544178295,0.4526675079826203,0,0.041548624171073474,0.25207754946785166,0,0,0.6,0.6154072455521625,0.6206795459043841,0.8824607329842931,0.375,0.33294858144685674,0.55,0.34871099050203525,0.47841863803146023,0.4035861021969195,0.5,0.382824888853065,0.5,0.5,0.5,0.625,0.5714285714285714,0.6666666666666666,0.14285714285714285,0.42857142857142855,1,0.3333333333333333,1,0.4302979337088066,0.815387501047238,0.15766169831571672,0.5,0.6735294117647059,0.6231454005934718,0.8099173553719008,0.8076923076923076,0.7362204724409448,0.6569037656903766,0.5,0.4444444444444444,0.6250533790497302,0.14708075665376302,0.533498759305211,1,1,1
"JPN","Japan",0.9438860971524288,1,0.10906911705952828,0.7893030794165317,0.2674418604651164,0.8666666666666666,1,0.8015873015873015,0.2112676056338027,0.15306122448979584,0.7401574803149605,0.4807692307692307,0,0.40671273445212247,0.8333333333333334,0.1111111111111111,0.15555555555555559,0.6933333333333334,0.65,1,0.7333333333333334,0.8266666666666668,0.8,1,0.7499999999999997,1,0.8222222222222223,0.755073361552356,0.7899976001919498,0.6565052882369178,0.8032552259148373,0.7473381995495803,0.6906680661363681,0.6142675784853416,0.40890183467354285,0.5739894791792021,0.40550740740705554,0.6593001947547442,0.5846743295018392,0.5164635603344516,0.5712210778323986,0.6001190381408601,0.14285714285714288,0.5,0.6233198825758691,0.49045824259698917,0.8193814083649539,0.8562332474916264,0.8930785019619555,0.9786184124531104,0.7901442500177988,1,0.7665094339622641,0.4857142857142856,0.3999999999999999,0.06092083753109487,0.3715287431697829,0,0,0.4264705827854672,0.6551724137931035,0.7844920638575159,0.7532467423511549,0.7738095170776642,0.6037735881096477,0.7218646404085726,0.9386736410280876,0.375,0.8650568577549307,0.4556313807126485,0.31097562340868595,1,0.8026316814750754,1,0.13333333333333333,0.2,0,0.6827773484382301,0.9557591623036649,0.5,0.48068829977475525,0.82,0.6336499321573948,0.8232012367874877,0.40922295772442496,0.16666666666666666,0.6582923452799708,0.6666666666666666,0.6666666666666666,0.5,0.875,0.7142857142857143,0.3333333333333333,0.5714285714285714,0.8571428571428571,0.9090909090909091,0.22222222222222224,0.25,0.6301536629113128,0.6831220229644919,0.3085558546595293,0.75,0.5764705882352942,0.5341246290801187,0.6391184573002755,0.6291208791208791,0,0.4937238493723849,0.75,0.2222222222222222,0.18540399707801386,0.9997270476072514,0.8027295285359801,0.28182518777761395,0.3659222466853207,0.7857835026595487
"KOR","Korea (the Republic of)",0.9475153545505306,0.8145040455498952,0.8385936875749093,0.9398298217179903,0.8488372093023252,0.8133333333333331,0.852272727272727,1,0.323943661971831,0.40816326530612235,0.45669291338582685,0.09615384615384624,0.05785123966942155,0.7267522211253703,1,1,0.8666666666666666,0.6666666666666667,0.9333333333333333,1,0.9555555555555554,0.8266666666666668,0.9066666666666666,1,0,1,0.9111111111111111,0.7172846232236114,0.7296864978042522,0.6209981245723105,0.6270897873297097,0.5896260683746901,0.62616772035089,0.40594073167823846,0.32696736755307937,0.4277587037702245,0.25718888888861113,0.6367189235302487,0.6176245210728736,0.4430090459118495,0.41276709929158834,0.6001190381408601,1,1,0.9015160192739646,1,0.8608967813239301,0.7281501132096111,0.8571117997028899,0.9686403023435093,0.4115384887315104,0.85,0.96698113207547165,0.7142857142857141,1,0.5156394480976102,0.6824142477971215,0.08947338383348945,0.16937680878221026,0.2759515660238143,0.017241379310344845,0.263839031004605,0.649350616984313,0.5595238011763035,0.3177755816267265,0.6071429251690807,0.6572769712667256,0.5,0.6098485346547892,0.5475120660601814,0.6328626351012864,0.5594155027629575,0.586565072344728,0.6666666666666666,1,1,0.2484563480481421,0.5799219074948073,1,0.5,0.49215389825731465,0.91,0.5725915875169606,1,0.5340855289360011,0.3333333333333333,0.5702880692704952,0.6666666666666666,0.8333333333333334,0.6666666666666666,0.75,0.8571428571428571,0.8333333333333334,0.42857142857142855,0.7142857142857143,0.9090909090909091,0.6666666666666666,0.75,0.5367639879997154,0.5857607189806924,0.45165867014526134,0.75,0.8911764705882352,0.8902077151335313,0.8870523415977961,0.8626373626373627,0.858267716535433,0.8284518828451883,0.625,0.5555555555555556,0.6610178188059723,0.992757557636959,0.6575682382133995,0.9245544118978566,0.9517296400181768,0.9783620206529142
"LTU","Lithuania",0.5932439977666109,0.7249026071321546,0.9480623252097479,0.6950972447325771,0.3837209302325581,0.18666666666666684,0.045454545454545234,0.26984126984126977,0,0.826530612244898,0.3385826771653543,0,0.5867768595041322,0.47443237907206326,1,1,0.7777777777777777,0.49333333333333335,0.6666666666666666,1,0.8222222222222223,0.5866666666666667,0.5866666666666667,1,0.16666666666666666,0.6666666666666666,0.8222222222222223,0.8580402805518619,1,0.6780455046764963,0.4268507752351922,0.7564102564077249,0.8720352289850715,0.956215945735409,0.9523809523828572,0.7083483917595169,0.75,0.6680194805207601,0.597701149424138,0.30107526881935487,0.2255188818629856,0.5734392523419212,0.4999999999999998,0.625,0.6851261676686554,0.6994263097763099,0.5821509768627263,0.44453753714623656,0.551394596203297,0.8164747717466552,0.23384616345858045,0.875,0.75,0.4857142857142856,0.6666666666666665,0,0.42928242812031164,0.663779349668271,0.4801134539832494,0.6785713813025213,0.29310344827586204,0.27089186397667614,0.6216450131635461,0.5626983846041186,0.8948787382393343,0.6979116949637297,0.8840374314429528,0.5,0.6257576529287232,0.3167235152614509,0.3040649572516324,0.5811412143034835,0.5157894864819952,0.5777777777777778,0.23333333333333334,0.4533333333333333,0.5858473081880506,0.7449186473185652,0.48534031413612566,0.625,0.4056381707109718,0.29933333333333334,0.15603799185888734,0.29123444422127626,0.36609468302534265,0.8333333333333334,0.3183126414878986,0.6666666666666666,0.6666666666666666,0.8333333333333334,0.625,0.5714285714285714,0.6666666666666666,0.42857142857142855,0.5714285714285714,0.9090909090909091,0,0.5,0.8130501582486495,0.47250261341458993,0.3989200709092882,0.625,0.7999999999999999,0.5311572700296736,0.43526170798898073,0.4258241758241758,0.6732283464566929,0.6150627615062761,0.5,0.5555555555555556,0.6817706476033827,0.9716677226301472,0.8784119106699751,0.04679949075372003,0.745503452939725,0.9558025485377661
"LVA","Latvia",0.7718406849060117,0.7900909000099889,0.5505393527766678,0.6029983792544572,0.54186046511627906,0.6444444444444445,0.5719696969696967,0.46772486772486777,0.5605633802816904,0.6904761904761906,0.5727034120734908,0.6064102564102567,0.7647382920110195,0.6467917077986179,0.8333333333333334,0.2222222222222222,0.6222222222222221,0.76,0.6666666666666666,1,0.6888888888888888,0.6266666666666667,0.8266666666666668,0.5,1,0,0.8444444444444444,0.8794162439923433,0.8367170626326264,0.7185736917879897,0.8844597621132606,0.8776223776227698,0.5398475851683108,1,0.61224489796,0.9613299602450588,0.8125,0.9863636363636116,0.8620689655172413,0.967741935483871,0.11689530908618001,0.29376597486299244,0.07142857142857144,0.5,0.4913042071162107,0.48778811599021,0.5169125844765706,0.48418228485678755,0.5090909005709988,0.11052632524238232,0.6503845609352779,0.825,0.6470125786163522,0.3142857142857142,0.7333333333333333,0.5079376085384866,0.660365267414463,0.9072126020627673,0.5377531078582751,0.5500000026470587,0.32758620689655177,0.1533846740647591,0.654545414616291,0.638095249943311,0.6716981197436813,0.513953479575253,0.5718308763353893,0.625,0.575378786791064,0.6245733427063835,0.2487804572635324,0.49858359203588876,0.36842106572022243,1,0.5,0.2,0.5664804456614962,0.6125076828825959,0.17643979057591627,0.75,0.45285340303664867,0,0.694708276797829,0.10749016562893439,0.4865331169914969,1,0.7991928735614707,0.6666666666666666,0.8333333333333334,0.8333333333333334,0.625,0.7142857142857143,0.6666666666666666,0.5714285714285714,0.5714285714285714,0.36363636363636365,0.3333333333333333,0.75,0.8876649333782508,0.6481124705485696,0.12036090466965109,0.75,0,0,0,0,0.6023622047244095,0.5355648535564853,0.75,0.1111111111111111,0.6087613569032658,0.9116106826333302,0.705955334987593,0.4865534981018177,0.9821871263465328,0.9964309622685897
"MEX","Mexico",0.7367578633910293,0.7739087004295275,0.7752563590358234,0.6461642355483522,0.45348837209302323,0.5786666666666669,0.4484848484848482,0.5433862433862432,0.25539906103286386,0.5346938775510202,0.45826771653543313,0.5339743589743591,0.6435261707988984,0.2587561697926949,1,1,0.6666666666666666,0.4,0.75,1,0.6666666666666666,0.4,0.4,0.5,1,0.6666666666666666,1,0.6448899634777197,0.7675613972233316,0.5735852843350496,0.7175380696854935,0.6210865060847659,0.4809136568491911,0.6140373067930358,0.24652925170074924,0.4936415291327356,0.3573888888888944,0.6324150522673316,0.5992337164751724,0.528120839734,0.09005314910326027,0.8568911623969633,0.8571428571428571,0.375,0.6157632404871072,0.9561794221236759,0,0.06815294957958384,0.08982155274912224,0.27227605169358776,1,0,0.6792452830188679,0.14285714285714282,0.6666666666666665,1,0.533115964375903,0.6703160691431973,0.671109453817196,0,0.18143058412010685,0.02366256862288137,0,0,0,0,0,0.125,0,0.85575703749142,0.30551994999843685,0.237363914727794,0.06301937355117262,1,0,1,0.0191120915774031,0.4434824313224553,0.8528795811518324,0.25,0.2586213046812613,1,0.7150610583446404,0.8007400476491403,0.35150349146879223,0.16666666666666666,0.5230871275698138,0.6666666666666666,0.8333333333333334,0.6666666666666666,0.375,0.5714285714285714,0.5,0.2857142857142857,0.14285714285714285,0.7272727272727273,0.6666666666666666,0.5,0.4093165080722316,0.7711239132292844,0.3560420132049978,0.75,0.9382352941176471,0.9732937685459941,0.7603305785123966,0.8131868131868132,0.9370078740157479,1,0.75,0.5555555555555556,1,0.9261332306653793,0.5272952853598015,1,1,0.9559301550926836
"NLD","Netherlands (the)",0.9276940256839756,0.9235840575367097,0.38433879344786226,0.4521880064829822,0.5581395348837207,0.4000000000000001,0.6931818181818182,0.6269841269841271,0.4647887323943663,0.8061224489795918,0.6220472440944882,0.6153846153846155,0.5619834710743802,0.9137216189536034,1,0.7777777777777778,1,0.8,0.5,1,1,1,1,1,1,1,1,0.6974036519020838,1,0.6261961820816417,0.83314638698779,0.8653846153839246,0.6822968792909423,0.7225063938616372,0.7239761904771429,1,0.6533333333350001,0.6883116883103424,0.5229885057482758,0.6451612903225806,0.7563450762120095,0.5832828599763349,0.5714285714285716,0,1,0.7974295115665,0.8680136230998673,0.7131366990045209,0.7485949957795204,0.24689325799757292,0.35168269764353766,0.5583333333333333,0.8970125786163522,0.8,0.5333333333333333,0.9674311417825122,0.9808434667465269,0.5505474218643746,0.35768611338027917,0.4123529446332179,0.9827586206896551,0.9595231817822611,0.9074675283816831,0.8963293469145639,0.7514355764855187,0.8662068781241834,0.6785014597373588,0.625,0.7286143419449327,0.43686003658517025,0.7601627041047042,0.5892351295010794,0.6792763476930421,0,0,0.4,0.21787709448519083,0.901681138566542,0.9706806282722513,0.875,1,0.63,0.49118046132971505,0.6510586339164556,0.7090402314807766,0.5,0.7479649661407229,0.6666666666666666,0.5,0.6666666666666666,0.625,0.7142857142857143,0,0.14285714285714285,0.42857142857142855,0.7272727272727273,0.4666666666666666,0.5,0.6263803409490998,0.7582371055715957,0.3439031055510294,0.875,0.4264705882352941,0.3679525222551929,0.4628099173553719,0.42032967032967034,0.7716535433070867,0.702928870292887,0.875,0.7777777777777778,0.4085141967056334,0.9982030730305269,0.8287841191066998,0.9675438470718568,1,1
"NOR","Norway",0.9556113902847574,0.7980221756068324,0.428685577307231,0.7980145867098866,0.46511627906976716,0.30666666666666664,0.6931818181818182,0.45238095238095233,0.4929577464788734,0.5918367346938774,0.7716535433070866,0.7596153846153846,0.7355371900826447,0.8100691016781838,0.6666666666666666,0.6666666666666666,0,0.6,0.25,0.6666666666666666,1,1,1,1,1,1,0.6666666666666666,0.8549604792183515,0.8790496760362622,0.8441505559705671,0.8764097957846056,0.5384615384575688,0.9877806910765186,0.8711775825629584,0.7346938775514286,0.8926033008056432,0.40777777777666663,0.9015100875043663,0.8275862068965517,0.3225806451612903,0.6971528602878563,0.9364436746301067,0.5714285714285716,0.5,0.5930180423420682,0.5035858051600173,0.9439274086266665,0.8094727633218571,0.9603305636240685,0.5866227604969797,0.23384616345858045,0.7083333333333333,0.63839188896118,0.42857142857142844,0.36666666666666664,0.7514400419284145,0.5947564933228754,0.9241573619188622,0.6936209559287115,0.24369747209589723,0.7406817950937977,0.8115718409735971,0.9647495205214074,0.9515306140336494,0.8948787382393343,0.9308076306659103,0.9330985373528764,0.75,0.8200758523222329,0.6728424940122463,0.8885017633976383,0.6798867009606051,0.8223684497749324,1,0,0,0.5706304523561331,0.9572077649909484,0.9410994764397906,1,0.8555346565946986,0.92,0.7964721845318861,0.5215189429010455,0.8648374909442647,1,0.9323301538340715,1,0.8333333333333334,0.6666666666666666,0.625,0.7142857142857143,0.6666666666666666,0.7142857142857143,0.8571428571428571,0.6363636363636364,0.3333333333333333,0.25,0.9104095231528767,0.844858500781842,0.3499780937751136,0.75,0.5264705882352941,0.5370919881305638,0.3884297520661157,0.3873626373626373,0.610236220472441,0.502092050209205,1,0.6666666666666666,0.7810063790254986,0.9929094679190605,0.9280397022332506,0.305032126210754,0.8349433328065466,0.9948461091911804
"NZL","New Zealand",0.7763819095477388,0.732094695834582,0,0.9519854132901135,1,0.9066666666666668,0.9090909090909091,0.8650793650793651,1,0.857142857142857,0.6456692913385825,0.7692307692307695,0.9090909090909092,0.9425468904244818,1,0.3333333333333333,0,0.6,0.5,1,1,0.8,1,1,1,1,0.6666666666666666,0.7372780734897215,0.7772777963843056,0.6067748602132637,0.7590559785763905,0.693567155777189,0.5263059035829566,0.5751834760349126,0.29354126984145396,0.5287766534148931,0.4025851851853945,0.6222366099428586,0.49923371647494247,0.5329407748756989,0.855656502300183,1,0.7857142857142856,0.5,0.7954557603168838,0.528111425348852,0.958526142366537,1,1,0,0.5846153922041425,0.7916666666666666,0.7312150351077251,0.8,0.7,0.6213777381710329,0.6219102297416388,0.7082678737216067,0.6295649970870675,0.5651260643227878,0.8373434986360767,1,1,1,0.7250674091542502,0.9927166181169579,0.9107979977694091,1,1,0.7372013173688735,0.9477351562420313,0.9453662423879035,1,0,1,1,0.446129234757253,0.8451775656382647,0.9557591623036649,0.75,0.777756578266625,0.81,0.7761194029850746,0.5664489143409541,0.5955010004267985,0.6666666666666666,0.889040709595891,0.8333333333333334,0.8333333333333334,0.8333333333333334,0.875,0.8571428571428571,0.8333333333333334,0.8571428571428571,0.7142857142857143,1,1,1,0.5583028334825294,0.7080359145648746,0.39325519429080663,1,0.7029411764705882,0.7002967359050446,0.5206611570247934,0.5192307692307692,0.7125984251968503,0.6569037656903766,1,0.8888888888888888,0.3751011427225787,0.9583675372151996,0.7766749379652605,0.8820911913929658,0.8618896573353223,0.634896713815908
"POL","Poland",0.8378001116694584,0.699730296673659,0.6987614862165397,0.8766207455429499,0.3139534883720929,0.6666666666666666,0.6477272727272727,0.5714285714285713,0.43661971830985924,0.9285714285714287,0.5433070866141732,0.6249999999999999,0.8429752066115702,0.5877591312931887,0.8333333333333334,0.3333333333333333,0.3333333333333333,0,0.75,0.6666666666666666,0.6666666666666666,1,1,0,1,0.3333333333333333,0.3333333333333333,0.6341261120840728,0.5615550755860953,0.3454979433299481,0.7521137451511704,0.6826923076852317,0.3950822381140451,0.796404147669652,0.14285714285714285,0.4758462835818751,0.2594444444433333,0.40913204442442574,0.2528735632172413,0.45161290322580644,0.33264639822570463,0.5801982763421792,0.28571428571428575,0.5,0.8918201285730961,0.5508286629388475,0.7304199965516185,0.6305630062652646,0.6132231124834351,0.6892544166431018,0.09134613345136722,0.3833333333333333,0.6226415094339623,0.37142857142857133,0.2333333333333332,0.1030466932514255,0.5667654682790837,0.8746155353795534,1,0.9735294383910033,0.2241379310344828,0.24842784205182958,0.7258296917898825,0.748677221091584,0.7311320849234607,0.8001107213977122,0.8909754416138309,0.375,0.7601010860508535,0.03640501055729585,0.18428195687091523,0.7875354059498109,0.6140350911126503,1,0,0.8133333333333332,0.5729360858705338,0.5651415421956586,0.7206806282722513,0.25,0.5443208083163832,0.1,0.3894165535956581,0.4338055382736249,0.4267456036848244,0.3333333333333333,0.407075647469777,0.3333333333333333,0.5,0.3333333333333333,0.75,0.42857142857142855,0.6666666666666666,0.7142857142857143,0.7142857142857143,0.5454545454545454,0.3333333333333333,0.5,0.4741651024898443,0.6579649036201122,0.14703495264791389,0.125,0.5441176470588235,0.5044510385756676,0.5096418732782368,0.1923076923076923,0.8385826771653543,0.6569037656903766,0.125,0.1111111111111111,0,0.829777167167207,0.29528535980148884,0.4677235307525154,0.2526497133420771,0.6084251508181385
"PRT","Portugal",0.7715615112600038,0.7094795724702827,0.7512851245172456,0.614411129119395,0.6031007751937985,0.4826666666666668,0.43257575757575756,0.6333333333333335,0.3981220657276995,0.6863945578231293,0.5301837270341208,0.6102564102564105,0.7647382920110195,0.4935834155972359,0.16666666666666666,0.3481481481481482,0.3333333333333333,0.4,0.5,0.3333333333333333,1,1,0.8,0.5,1,0.37777777777777777,0,0.8172006646990645,1,0.794049701401867,0.9983092859084535,0.861111111109864,0.7327238310674721,1,0.7026190476199999,0.8571858812201973,0.445,1,0.5517241379310345,0.3440860215032258,0.3327255931704696,0.6733690550198153,0.4285714285714285,0.625,0.8408927026640791,0.05436457297860348,0.43388195717383404,0.18532171952136153,0.25852267698158965,0.567023016813647,0.023642527110489607,0.725,0.9056603773584907,0.6571428571428569,0.29999999999999993,0.39350198134450226,0.7955209494972737,0.6326107136426745,0.3137503458251483,0.4705882384083045,0.6896551724137931,0.4449795515090423,0.404889228267836,0.41456578495731505,0.6637069684082664,0.6686047293049349,0.5644849683002635,0.625,0.5575980712580788,0.371160399715781,0.36585361606186595,0.5225795472539273,0.4496903798496808,0,0,0.21333333333333337,0.26914235470582704,0.8031036797288809,0.7353403141361258,0.25,0.5107162222346923,0.27,0.1451831750339213,0.3156186468493271,0.4288176977174225,0.5,0.25131124275647593,0.5,0.5,0.3333333333333333,0.625,0.5714285714285714,0.5,0.5714285714285714,0.5714285714285714,0.9090909090909091,0,0.25,0.22791432953675783,0.7263195000681177,0.33055181025178354,0.25,0.1647058823529412,0.2967359050445104,0.31955922865013775,0.31868131868131866,0.2716535433070866,0.297071129707113,0.125,0.2222222222222222,0.34249198077541204,0.8204420919670435,0.5210918114143921,0.9439484482936832,1,1
"ROU","Romania",0.7799739437930394,0.7864548996104286,0.6073778132907175,0.6432874122096165,0.5759689922480619,0.5475555555555557,0.6075757575757574,0.5619047619047618,0.35962441314554006,0.6802721088435373,0.5994750656167978,0.6121794871794872,0.7123966942148761,0.5559328726554789,0.8333333333333334,0.39999999999999997,0.3333333333333333,0.2,1,0.8666666666666666,0.6666666666666666,0.8,0.8,0.6666666666666667,1,0.688888888888889,0.3333333333333333,0.23572077924924892,0.6371490280815736,0,0.04127944272147399,0.23076923076784994,0,0.053875236291760734,0,0.15474039272449966,0.125,0.13636363636115703,0,0.21505376343870966,0.13935239838647148,0.801270631883563,0.28571428571428575,0.5,0.7318240412562622,0.5091929598145286,0.43039331761729166,0.10738748978354229,0.3181817282494308,0.6792763065335006,0.27403846612333604,0.46074074074074073,0.7544093950184576,0.5828571428571427,0.6977777777777776,0.49527350147806815,0.41971115814331766,0.759314505451078,0.7387086651900894,0.9610726178760435,0.017241379310344845,0.09036520413523472,0.20168059202226002,0.1617646476715668,0.5188679235671056,0.43189366453460726,0.4053207240182407,0.375,0.36826598671420613,0.6576992573581657,0.5067751222486641,0.15014162379924348,0.35307017531740537,0.5111111111111112,0.5,0.49333333333333335,0.32681564172778627,0.6551513419812794,0.2353403141361256,0.125,0.5682625489174735,0.222,0.43012211668928085,0.43732897556525524,0.3037632495782717,0.3333333333333333,0.39148646465500997,0.5,0.3333333333333333,0,0,0.2857142857142857,0.3333333333333333,0.14285714285714285,0.42857142857142855,0.7272727272727273,0,0,0.8223084313769514,0,0.11415286377981074,0.5,0.47333333333333333,0.534322453016815,0.4198347107438017,0.4269230769230769,0.5354330708661418,0.5846582984658298,0.5,0.2222222222222222,0.603830527965135,0.7494310246476713,0.7196029776674938,0.017408274251427127,0.688155858995507,0.8536846461175505
"SVK","Slovakia",0.8260748185371302,0.8705424033563077,0.8657610866959644,0.5109400324149108,0.5697674418604651,1,0.45454545454545464,0.7777777777777779,0.36619718309859156,0.6428571428571428,0.4488188976377953,0.7692307692307695,0.8512396694214878,0.3776900296150049,0.16666666666666666,0.2518518518518518,0,0.8,1,1,1,0.4,1,1,1,0.3333333333333333,0.6666666666666666,0.49382332045955,0.5723542116555824,0.5592377319373704,0.12494636721686633,0.5371260683771134,0.7286525322789053,0.5334079283881763,0.4784778911542857,0.46379954222265,0.4725,0.33689839571788527,0.7241379310344828,0.053763440860000004,0.22836507870748174,0.5791730142550149,0.3571428571428572,0.875,0.4978689331138449,0.5660657858954409,0.05826711520298807,0.14804887583162243,0,0.31895709609420414,0.2923077125443798,0.875,0.2748021911138162,0.11428571428571427,0,0.14138567932161447,0.5708601863657828,0.7583005138972067,0.40915698083875823,0.3382352980103806,0.06896551724137928,0.009266712036956868,0.17748910004497323,0.24603168589380014,0.13679243312566644,0.2763407511644165,0.3706310790323733,0.375,0.39625420089842517,0.5870306995026168,0.36280489397680027,0.5325778930895839,0,0,0.7,0,0.2824332932236128,0.7115651582587527,0.5000000000000001,0.5,0.3871695005817572,0.63,0.34871099050203525,0.3331414222566228,0.4877105939674153,0.6666666666666666,0.42859491395257865,0.5,0.3333333333333333,0.16666666666666666,0.625,0.14285714285714285,0.3333333333333333,0.2857142857142857,0.2857142857142857,0.36363636363636365,0,0,1,0.9450811388629734,0.44354066114462537,0.5,0.711764705882353,0.6973293768545994,0.14325068870523416,0.14285714285714285,0.9094488188976376,0.8661087866108788,0.5,0.2222222222222222,0.609416494594214,0.8900711240324344,0.6476426799007444,0.09037070953041995,0.48456542633023775,0.9990321503077849
"SVN","Slovenia",0.7794528196538247,0.7887323943661971,0.5301638034358768,0.7433144246353324,0.7441860465116278,0.6133333333333336,0.4999999999999996,0.7698412698412698,0.5211267605633805,0.6122448979591836,0.33070866141732275,0.9038461538461537,0.6942148760330581,0.5338598223099705,1,0.4444444444444444,0.6666666666666666,1,1,1,1,0.6,1,0.5,1,0.6666666666666666,1,0.5467703632388392,0.566594672417918,0.2660875466211738,0.8943674129724862,0.22375356125659607,0.638330787366344,0.22915045034890202,0.3736363636371428,0.3355168052039498,0.04961111111,0.4816433566454212,0.4080459770103449,0.8846646185338709,0.2212981766694218,0.7243229917991122,0.5714285714285716,0.75,0.6687742792717609,0.6883521370420401,0.4635357611116125,0.4292895478741851,0.37241731223447583,0.6792763065335006,0.25576921970229227,0.9,0.75,0.6285714285714284,1,0.19008439505355218,0.31106770157519487,1,0.7064771144416613,1,0.4655172413793104,0.23457962025304,0.4139610130839928,0.5758928445206204,0.4764150912958346,0.7362363164628518,0.6654929053089695,0.5,0.6131629049075642,0.7372013173688735,0.6737805173854862,0.6539862471158355,0.4029605414949802,1,0,1,0.5810055852938423,0.647167657333203,0.5146596858638743,0.375,0.4039598831204573,0.18133333333333332,0.3894165535956581,0.43761783691191763,0.3907516058983762,0.8333333333333334,0.5569092685618345,0.3333333333333333,0.16666666666666666,0,0.625,0,0.16666666666666666,0.14285714285714285,0.14285714285714285,0.6363636363636364,0.3333333333333333,0.25,0,1,0.25592568547943634,0.5,0.5882352941176471,0.2729970326409496,0.278236914600551,0.2747252747252747,0.7716535433070867,0.5983263598326359,0.125,0.2222222222222222,0.6417584709200199,0.956299439027489,0.5459057071960298,0,0.999855881869849,0.9991808886477958
"SWE","Sweden",0.895030709101061,0.7950254719808211,0.23931282461046718,0.6523500810372772,0.43023255813953487,0.36000000000000004,0.6818181818181815,0.31746031746031744,0.4929577464788734,0.6836734693877551,0.874015748031496,0.730769230769231,0.8347107438016531,0.8661401776900298,1,0.8888888888888888,0.6666666666666666,0.6,1,1,1,0.8,1,1,1,1,1,1,0.7019438444894234,0.8042017166747505,0.7347687215443888,0.11538461537943773,0.9636058137718255,0.6148879684199486,0.7350510204085715,0.7488254427172036,0,0.9488636363635434,0.5747126436793103,0.8763440860225807,0.5975728101215446,0.9678795550191798,0.4999999999999998,0.875,0.8960811714486128,0.9281871842543871,0.8307867595433297,0.8445040306046906,0.7453909509501754,0.41319444125700533,0.1292899175270242,0.825,0.8506560399045763,0,0.6666666666666665,0.6615621499754867,0.2289424439076576,0.9260966236609407,0.9907922918307678,0.27714933366382744,0.9655172413793103,0.9297270093920758,0.8671328460811907,0.8956044064167977,0.9956458677109293,0.9101712031490032,0.8456120164806347,0.875,0.9086539326212897,0.4946180497051579,0.5873983306662682,0.9291784459870469,0.8360323769177492,0,0,0.17333333333333334,1,0.9071675922214264,0.8382198952879583,0.75,0.744825270113041,0.29,0.4708276797829037,0.2308313860543801,1,0.8333333333333334,0.7599799866951138,1,0.8333333333333334,0.8333333333333334,0.75,0.5714285714285714,0.8333333333333334,0.8571428571428571,0.5714285714285714,0,0,1,0.5267239740664126,0.6837242868999904,0.5211145125145805,0.625,0.5617647058823529,0.5697329376854601,0.5399449035812672,0.5384615384615384,0.5118110236220472,0.4225941422594142,0.75,0.6666666666666666,0.8867277887810971,1,0.8213399503722084,0.6921540439081946,0.012185932821444883,0.8171807594480729
"TUR","Turkey",0,0.09319748276895412,0.682381142628845,0.4726499189627229,0,0,0,0,0.3380281690140845,0.43877551020408156,0.3779527559055118,0.25961538461538464,0.6859504132231405,0.1814412635735439,0.8333333333333334,0.4444444444444444,1,0.8,1,0.6666666666666666,1,1,1,0.5,1,0,1,0.5955988646938569,0.7127429805589099,0.21733518583587025,0.5555611377852078,1,0.5088862339534032,0.693949460690509,0.011785714285714287,0.44033851343300306,0.625,0,0.18390804597586208,0.5591397849451614,0.34491465554213335,0.5700738097711682,0.7857142857142856,0.625,0.8009113351813125,0.4662731783786187,0.338077325164256,0.1313673316001696,0.20470432484093282,0.7214911866699367,0.28317305644924073,0,0.8207547169811321,0.6857142857142856,0.9333333333333332,0.9394674894293693,0.9986656472625907,0.43052930582897825,0.5270325571629564,0.3382352980103806,0.24137931034482762,0.08725909905571079,0.3214285414656759,0.26488093050240863,0.37735847134211364,0.35299004781714644,0.32726908524134984,0,0.40325128593122395,0.924914533387707,0.4491870806960183,0.3059489814379372,0.20723685464854646,1,0.6,0.4,0.21787709448519083,0,0.6324607329842933,0.25,0,0.18,0.1451831750339213,0,0.14913317682973934,0,0.0489026731253378,0.3333333333333333,0.3333333333333333,0.5,0.5,0.5714285714285714,0.5,0.5714285714285714,0.42857142857142855,0.5454545454545454,0.4444444444444445,0.5166666666666667,0.5848313580214234,0.32387074436222707,0.5149674668789926,0.25,0.33235294117647063,0.10682492581602376,0.0881542699724518,0.0879120879120879,0.31889763779527563,0.2594142259414226,0.25,0.2222222222222222,0.8265398100868031,0.9392092672069886,0.7022332506203474,0.5770081332185927,0.6472438646777255,0.9824815880691777
"USA","United States of America (the)",0.8693467336683418,0.6418939166916391,0.49260886935677156,0.6177066450567261,0.6744186046511627,0.8399999999999999,0.7613636363636359,0.8492063492063492,0.9859154929577468,0.7551020408163263,0.4960629921259843,0.9134615384615385,0.9752066115702481,0.8941757156959526,1,1,0.6888888888888888,0.7066666666666667,0.8666666666666667,1,0.9777777777777779,0.64,0.9199999999999999,1,0.9166666666666664,1,0.8222222222222223,0.7977447842496443,0.7616227065417768,0.6783346945405602,0.7532275232666453,0.5409556030377312,0.7024125902454251,0.6020475184390491,0.4043841269838794,0.6359757860492211,0.33153703703706117,0.8006541987425466,0.5766283524903448,0.629305342207871,1,0.8244217014484629,0.7857142857142856,0.625,0.6721287869118567,0.403967504607544,0.7366628814179016,0.6122654191388028,0.6561548036097232,0.5813433835117179,0.27403846612333604,0.8,0.9158805031446541,0.9428571428571428,0.8333333333333331,0.8842281899010072,0.96903218299285,0.7013684568884003,0.5264282593253339,0.5458477467891308,0.6724137931034484,0.7128592176653533,0.832207809474111,0.8270308031854405,0.535849056475614,0.796671415178119,0.6991621656107788,0.625,0.74034464029871,0.4633607232554061,0.5121952200475949,0.6558906437595612,0.6339009817887435,1,0.5,0.6,0.4692737374988295,0.8034708458746915,0.9557591623036649,0.375,0.7070973150499739,0.55,0.7150610583446404,0.6200681588457084,0.5162161256696072,0.5,0.7079607679051301,0.3333333333333333,0.6666666666666666,0.3333333333333333,0.75,1,0.3333333333333333,0.42857142857142855,0.42857142857142855,0.7636363636363637,0.4666666666666666,0.4,0.5284760127865197,0.6894138680320572,0.33428200220704407,0.375,0.5774509803921568,0.8100890207715135,0.23415977961432508,0.6428571428571428,0.6800524934383202,0.9246861924686194,0.625,0.5555555555555556,0.923659027772627,0.9700956406328154,0.6898263027295285,0.8532161244020003,0.25492020021780354,0.7179994353814796
