group,metric,value,radar_x,radar_y
0_indicators,ind_cap,0.25,0.06470476127563018,0.24148145657226708
0_indicators,ind_cap,0.5,0.12940952255126037,0.48296291314453416
0_indicators,ind_cap,0.75,0.19411428382689055,0.7244443697168013
0_indicators,ind_cap,1,0.25881904510252074,0.9659258262890683
0_indicators,ind_crm,0.25,0.17677669529663687,0.17677669529663692
0_indicators,ind_crm,0.5,0.35355339059327373,0.35355339059327384
0_indicators,ind_crm,0.75,0.5303300858899106,0.5303300858899107
0_indicators,ind_crm,1,0.7071067811865475,0.7071067811865477
0_indicators,ind_dig,0.25,0.24148145657226708,0.06470476127563016
0_indicators,ind_dig,0.5,0.48296291314453416,0.12940952255126031
0_indicators,ind_dig,0.75,0.7244443697168013,0.19411428382689047
0_indicators,ind_dig,1,0.9659258262890683,0.25881904510252063
0_indicators,ind_ffm,0.25,0.24148145657226708,-0.06470476127563018
0_indicators,ind_ffm,0.5,0.48296291314453416,-0.12940952255126037
0_indicators,ind_ffm,0.75,0.7244443697168013,-0.19411428382689055
0_indicators,ind_ffm,1,0.9659258262890683,-0.25881904510252074
0_indicators,ind_hrm,0.25,0.17677669529663687,-0.17677669529663692
0_indicators,ind_hrm,0.5,0.35355339059327373,-0.35355339059327384
0_indicators,ind_hrm,0.75,0.5303300858899106,-0.5303300858899107
0_indicators,ind_hrm,1,0.7071067811865475,-0.7071067811865477
0_indicators,ind_inc,0.25,0.06470476127563018,-0.24148145657226708
0_indicators,ind_inc,0.5,0.12940952255126037,-0.48296291314453416
0_indicators,ind_inc,0.75,0.19411428382689055,-0.7244443697168013
0_indicators,ind_inc,1,0.25881904510252074,-0.9659258262890683
0_indicators,ind_int,0.25,-0.06470476127563027,-0.24148145657226705
0_indicators,ind_int,0.5,-0.12940952255126054,-0.4829629131445341
0_indicators,ind_int,0.75,-0.1941142838268908,-0.7244443697168012
0_indicators,ind_int,1,-0.2588190451025211,-0.9659258262890682
0_indicators,ind_opn,0.25,-0.17677669529663687,-0.1767766952966369
0_indicators,ind_opn,0.5,-0.35355339059327373,-0.3535533905932738
0_indicators,ind_opn,0.75,-0.5303300858899106,-0.5303300858899107
0_indicators,ind_opn,1,-0.7071067811865475,-0.7071067811865476
0_indicators,ind_pol,0.25,-0.24148145657226705,-0.06470476127563025
0_indicators,ind_pol,0.5,-0.4829629131445341,-0.1294095225512605
0_indicators,ind_pol,0.75,-0.7244443697168012,-0.19411428382689078
0_indicators,ind_pol,1,-0.9659258262890682,-0.258819045102521
0_indicators,ind_pro,0.25,-0.24148145657226708,0.0647047612756302
0_indicators,ind_pro,0.5,-0.48296291314453416,0.1294095225512604
0_indicators,ind_pro,0.75,-0.7244443697168013,0.1941142838268906
0_indicators,ind_pro,1,-0.9659258262890683,0.2588190451025208
0_indicators,ind_reg,0.25,-0.17677669529663698,0.17677669529663678
0_indicators,ind_reg,0.5,-0.35355339059327395,0.35355339059327356
0_indicators,ind_reg,0.75,-0.5303300858899109,0.5303300858899104
0_indicators,ind_reg,1,-0.7071067811865479,0.7071067811865471
0_indicators,ind_tax,0.25,-0.06470476127563037,0.24148145657226702
0_indicators,ind_tax,0.5,-0.12940952255126073,0.48296291314453405
0_indicators,ind_tax,0.75,-0.1941142838268911,0.724444369716801
0_indicators,ind_tax,1,-0.25881904510252146,0.9659258262890681
cap,cap_litscore,0.25,0.05563023348907861,0.2437319780454559
cap,cap_litscore,0.5,0.11126046697815722,0.4874639560909118
cap,cap_litscore,0.75,0.16689070046723584,0.7311959341363677
cap,cap_litscore,1,0.22252093395631445,0.9749279121818236
cap,cap_numscore,0.25,0.1558724504646834,0.19545787061700742
cap,cap_numscore,0.5,0.3117449009293668,0.39091574123401485
cap,cap_numscore,0.75,0.4676173513940502,0.5863736118510223
cap,cap_numscore,1,0.6234898018587336,0.7818314824680297
cap,cap_pslscore,0.25,0.2252422169756048,0.10847093477938953
cap,cap_pslscore,0.5,0.4504844339512096,0.21694186955877906
cap,cap_pslscore,0.75,0.6757266509268144,0.3254128043381686
cap,cap_pslscore,1,0.9009688679024191,0.4338837391175581
cap,cap_tertedu,0.25,0.25,-0
cap,cap_tertedu,0.5,0.5,-0
cap,cap_tertedu,0.75,0.75,-0
cap,cap_tertedu,1,1,-0
cap,cap_ictwork,0.25,0.2252422169756048,-0.10847093477938953
cap,cap_ictwork,0.5,0.4504844339512096,-0.21694186955877906
cap,cap_ictwork,0.75,0.6757266509268144,-0.3254128043381686
cap,cap_ictwork,1,0.9009688679024191,-0.4338837391175581
cap,cap_numwork,0.25,0.1558724504646834,-0.19545787061700742
cap,cap_numwork,0.5,0.3117449009293668,-0.39091574123401485
cap,cap_numwork,0.75,0.4676173513940502,-0.5863736118510223
cap,cap_numwork,1,0.6234898018587336,-0.7818314824680297
cap,cap_readwork,0.25,0.05563023348907861,-0.2437319780454559
cap,cap_readwork,0.5,0.11126046697815722,-0.4874639560909118
cap,cap_readwork,0.75,0.16689070046723584,-0.7311959341363677
cap,cap_readwork,1,0.22252093395631445,-0.9749279121818236
cap,cap_writwork,0.25,-0.055630233489078584,-0.2437319780454559
cap,cap_writwork,0.5,-0.11126046697815717,-0.4874639560909118
cap,cap_writwork,0.75,-0.16689070046723575,-0.7311959341363677
cap,cap_writwork,1,-0.22252093395631434,-0.9749279121818236
cap,cap_influence,0.25,-0.15587245046468334,-0.19545787061700748
cap,cap_influence,0.5,-0.3117449009293667,-0.39091574123401496
cap,cap_influence,0.75,-0.46761735139405003,-0.5863736118510224
cap,cap_influence,1,-0.6234898018587334,-0.7818314824680299
cap,cap_planning,0.25,-0.22524221697560476,-0.10847093477938956
cap,cap_planning,0.5,-0.4504844339512095,-0.21694186955877912
cap,cap_planning,0.75,-0.6757266509268143,-0.32541280433816866
cap,cap_planning,1,-0.900968867902419,-0.43388373911755823
cap,cap_taskdisc,0.25,-0.25,-3.061616997868383e-17
cap,cap_taskdisc,0.5,-0.5,-6.123233995736766e-17
cap,cap_taskdisc,0.75,-0.75,-9.184850993605148e-17
cap,cap_taskdisc,1,-1,-1.2246467991473532e-16
cap,cap_learnatwk,0.25,-0.2252422169756048,0.1084709347793895
cap,cap_learnatwk,0.5,-0.4504844339512096,0.216941869558779
cap,cap_learnatwk,0.75,-0.6757266509268144,0.3254128043381685
cap,cap_learnatwk,1,-0.9009688679024191,0.433883739117558
cap,cap_readytolrn,0.25,-0.15587245046468343,0.19545787061700742
cap,cap_readytolrn,0.5,-0.31174490092936685,0.39091574123401485
cap,cap_readytolrn,0.75,-0.46761735139405025,0.5863736118510223
cap,cap_readytolrn,1,-0.6234898018587337,0.7818314824680297
cap,cap_lrn12mth,0.25,-0.05563023348907865,0.24373197804545588
cap,cap_lrn12mth,0.5,-0.1112604669781573,0.48746395609091175
cap,cap_lrn12mth,0.75,-0.16689070046723595,0.7311959341363676
cap,cap_lrn12mth,1,-0.2225209339563146,0.9749279121818235
crm,crm_approach,0.25,0.059828916071889456,0.242735454356513
crm,crm_approach,0.5,0.11965783214377891,0.485470908713026
crm,crm_approach,0.75,0.17948674821566837,0.728206363069539
crm,crm_approach,1,0.23931566428755782,0.970941817426052
crm,crm_leadinstfunc,0.25,0.16578066456019883,0.18712768704277527
crm,crm_leadinstfunc,0.5,0.33156132912039765,0.37425537408555054
crm,crm_leadinstfunc,0.75,0.4973419936805965,0.5613830611283258
crm,crm_leadinstfunc,1,0.6631226582407953,0.7485107481711011
crm,crm_riskplanning,0.25,0.2337540606713537,0.08865122176063388
crm,crm_riskplanning,0.5,0.4675081213427074,0.17730244352126776
crm,crm_riskplanning,0.75,0.7012621820140611,0.2659536652819016
crm,crm_riskplanning,1,0.9350162426854148,0.3546048870425355
crm,crm_multihazard,0.25,0.2481772185245135,-0.030134170063830793
crm,crm_multihazard,0.5,0.496354437049027,-0.060268340127661586
crm,crm_multihazard,0.75,0.7445316555735405,-0.09040251019149238
crm,crm_multihazard,1,0.992708874098054,-0.12053668025532317
crm,crm_riskmonitoring,0.25,0.2057459664734141,-0.14201618668278898
crm,crm_riskmonitoring,0.5,0.4114919329468282,-0.28403237336557796
crm,crm_riskmonitoring,0.75,0.6172378994202423,-0.42604856004836694
crm,crm_riskmonitoring,1,0.8229838658936564,-0.5680647467311559
crm,crm_riskmgmtcap,0.25,0.1161807930109421,-0.2213640064133025
crm,crm_riskmgmtcap,0.5,0.2323615860218842,-0.442728012826605
crm,crm_riskmgmtcap,0.75,0.3485423790328263,-0.6640920192399076
crm,crm_riskmgmtcap,1,0.4647231720437684,-0.88545602565321
crm,crm_preprdness,0.25,7.081923622059975e-17,-0.25
crm,crm_preprdness,0.5,1.416384724411995e-16,-0.5
crm,crm_preprdness,0.75,2.1245770866179924e-16,-0.75
crm,crm_preprdness,1,2.83276944882399e-16,-1
crm,crm_econappraisal,0.25,-0.11618079301094222,-0.22136400641330242
crm,crm_econappraisal,0.5,-0.23236158602188445,-0.44272801282660484
crm,crm_econappraisal,0.75,-0.3485423790328267,-0.6640920192399072
crm,crm_econappraisal,1,-0.4647231720437689,-0.8854560256532097
crm,crm_intlcoop,0.25,-0.2057459664734141,-0.14201618668278895
crm,crm_intlcoop,0.5,-0.4114919329468282,-0.2840323733655779
crm,crm_intlcoop,0.75,-0.6172378994202423,-0.4260485600483669
crm,crm_intlcoop,1,-0.8229838658936564,-0.5680647467311558
crm,crm_communications,0.25,-0.2481772185245135,-0.030134170063830876
crm,crm_communications,0.5,-0.496354437049027,-0.06026834012766175
crm,crm_communications,0.75,-0.7445316555735405,-0.09040251019149263
crm,crm_communications,1,-0.992708874098054,-0.1205366802553235
crm,crm_earlywarn,0.25,-0.2337540606713538,0.0886512217606337
crm,crm_earlywarn,0.5,-0.4675081213427076,0.1773024435212674
crm,crm_earlywarn,0.75,-0.7012621820140614,0.2659536652819011
crm,crm_earlywarn,1,-0.9350162426854152,0.3546048870425348
crm,crm_evaluation,0.25,-0.16578066456019871,0.18712768704277533
crm,crm_evaluation,0.5,-0.33156132912039743,0.37425537408555065
crm,crm_evaluation,0.75,-0.4973419936805962,0.5613830611283259
crm,crm_evaluation,1,-0.6631226582407949,0.7485107481711013
crm,crm_postdisaster,0.25,-0.059828916071889435,0.242735454356513
crm,crm_postdisaster,0.5,-0.11965783214377887,0.485470908713026
crm,crm_postdisaster,0.75,-0.1794867482156683,0.728206363069539
crm,crm_postdisaster,1,-0.23931566428755774,0.970941817426052
dig,dig_usr_busstart,0.25,0.059828916071889456,0.242735454356513
dig,dig_usr_busstart,0.5,0.11965783214377891,0.485470908713026
dig,dig_usr_busstart,0.75,0.17948674821566837,0.728206363069539
dig,dig_usr_busstart,1,0.23931566428755782,0.970941817426052
dig,dig_usr_regbus,0.25,0.16578066456019883,0.18712768704277527
dig,dig_usr_regbus,0.5,0.33156132912039765,0.37425537408555054
dig,dig_usr_regbus,0.75,0.4973419936805965,0.5613830611283258
dig,dig_usr_regbus,1,0.6631226582407953,0.7485107481711011
dig,dig_usr_family,0.25,0.2337540606713537,0.08865122176063388
dig,dig_usr_family,0.5,0.4675081213427074,0.17730244352126776
dig,dig_usr_family,0.75,0.7012621820140611,0.2659536652819016
dig,dig_usr_family,1,0.9350162426854148,0.3546048870425355
dig,dig_usr_job,0.25,0.2481772185245135,-0.030134170063830793
dig,dig_usr_job,0.5,0.496354437049027,-0.060268340127661586
dig,dig_usr_job,0.75,0.7445316555735405,-0.09040251019149238
dig,dig_usr_job,1,0.992708874098054,-0.12053668025532317
dig,dig_usr_court,0.25,0.2057459664734141,-0.14201618668278898
dig,dig_usr_court,0.5,0.4114919329468282,-0.28403237336557796
dig,dig_usr_court,0.75,0.6172378994202423,-0.42604856004836694
dig,dig_usr_court,1,0.8229838658936564,-0.5680647467311559
dig,dig_key_busstart,0.25,0.1161807930109421,-0.2213640064133025
dig,dig_key_busstart,0.5,0.2323615860218842,-0.442728012826605
dig,dig_key_busstart,0.75,0.3485423790328263,-0.6640920192399076
dig,dig_key_busstart,1,0.4647231720437684,-0.88545602565321
dig,dig_key_regbus,0.25,7.081923622059975e-17,-0.25
dig,dig_key_regbus,0.5,1.416384724411995e-16,-0.5
dig,dig_key_regbus,0.75,2.1245770866179924e-16,-0.75
dig,dig_key_regbus,1,2.83276944882399e-16,-1
dig,dig_key_family,0.25,-0.11618079301094222,-0.22136400641330242
dig,dig_key_family,0.5,-0.23236158602188445,-0.44272801282660484
dig,dig_key_family,0.75,-0.3485423790328267,-0.6640920192399072
dig,dig_key_family,1,-0.4647231720437689,-0.8854560256532097
dig,dig_key_job,0.25,-0.2057459664734141,-0.14201618668278895
dig,dig_key_job,0.5,-0.4114919329468282,-0.2840323733655779
dig,dig_key_job,0.75,-0.6172378994202423,-0.4260485600483669
dig,dig_key_job,1,-0.8229838658936564,-0.5680647467311558
dig,dig_key_court,0.25,-0.2481772185245135,-0.030134170063830876
dig,dig_key_court,0.5,-0.496354437049027,-0.06026834012766175
dig,dig_key_court,0.75,-0.7445316555735405,-0.09040251019149263
dig,dig_key_court,1,-0.992708874098054,-0.1205366802553235
dig,dig_mob_busstart,0.25,-0.2337540606713538,0.0886512217606337
dig,dig_mob_busstart,0.5,-0.4675081213427076,0.1773024435212674
dig,dig_mob_busstart,0.75,-0.7012621820140614,0.2659536652819011
dig,dig_mob_busstart,1,-0.9350162426854152,0.3546048870425348
dig,dig_mob_regbus,0.25,-0.16578066456019871,0.18712768704277533
dig,dig_mob_regbus,0.5,-0.33156132912039743,0.37425537408555065
dig,dig_mob_regbus,0.75,-0.4973419936805962,0.5613830611283259
dig,dig_mob_regbus,1,-0.6631226582407949,0.7485107481711013
dig,dig_mob_court,0.25,-0.059828916071889435,0.242735454356513
dig,dig_mob_court,0.5,-0.11965783214377887,0.485470908713026
dig,dig_mob_court,0.75,-0.1794867482156683,0.728206363069539
dig,dig_mob_court,1,-0.23931566428755774,0.970941817426052
ffm,ffm_efficiency,0.25,0.12499999999999999,0.21650635094610968
ffm,ffm_efficiency,0.5,0.24999999999999997,0.43301270189221935
ffm,ffm_efficiency,0.75,0.37499999999999994,0.649519052838329
ffm,ffm_efficiency,1,0.49999999999999994,0.8660254037844387
ffm,ffm_openbudget,0.25,0.25,2.7755575615628914e-17
ffm,ffm_openbudget,0.5,0.5,5.551115123125783e-17
ffm,ffm_openbudget,0.75,0.75,8.326672684688674e-17
ffm,ffm_openbudget,1,1,1.1102230246251565e-16
ffm,ffm_fmis_approach,0.25,0.12499999999999999,-0.21650635094610968
ffm,ffm_fmis_approach,0.5,0.24999999999999997,-0.43301270189221935
ffm,ffm_fmis_approach,0.75,0.37499999999999994,-0.649519052838329
ffm,ffm_fmis_approach,1,0.49999999999999994,-0.8660254037844387
ffm,ffm_pfpublish,0.25,-0.12499999999999994,-0.2165063509461097
ffm,ffm_pfpublish,0.5,-0.2499999999999999,-0.4330127018922194
ffm,ffm_pfpublish,0.75,-0.37499999999999983,-0.6495190528383291
ffm,ffm_pfpublish,1,-0.4999999999999998,-0.8660254037844388
ffm,ffm_mterm_budget,0.25,-0.25,8.040613248383183e-17
ffm,ffm_mterm_budget,0.5,-0.5,1.6081226496766366e-16
ffm,ffm_mterm_budget,0.75,-0.75,2.412183974514955e-16
ffm,ffm_mterm_budget,1,-1,3.216245299353273e-16
ffm,ffm_perf_budget,0.25,-0.12499999999999992,0.2165063509461097
ffm,ffm_perf_budget,0.5,-0.24999999999999983,0.4330127018922194
ffm,ffm_perf_budget,0.75,-0.3749999999999998,0.6495190528383291
ffm,ffm_perf_budget,1,-0.49999999999999967,0.8660254037844388
hrm,hrm_skillsmerit,0.25,0.0855050358314172,0.23492315519647708
hrm,hrm_skillsmerit,0.5,0.1710100716628344,0.46984631039295416
hrm,hrm_skillsmerit,0.75,0.2565151074942516,0.7047694655894312
hrm,hrm_skillsmerit,1,0.3420201433256688,0.9396926207859083
hrm,hrm_cnxt_pol,0.25,0.21650635094610965,0.125
hrm,hrm_cnxt_pol,0.5,0.4330127018922193,0.25
hrm,hrm_cnxt_pol,0.75,0.649519052838329,0.375
hrm,hrm_cnxt_pol,1,0.8660254037844386,0.5
hrm,hrm_cnxt_pers,0.25,0.24620193825305203,-0.04341204441673252
hrm,hrm_cnxt_pers,0.5,0.49240387650610407,-0.08682408883346504
hrm,hrm_cnxt_pers,0.75,0.7386058147591561,-0.13023613325019756
hrm,hrm_cnxt_pers,1,0.9848077530122081,-0.17364817766693008
hrm,hrm_formalexam,0.25,0.16069690242163487,-0.19151111077974448
hrm,hrm_formalexam,0.5,0.32139380484326974,-0.38302222155948895
hrm,hrm_formalexam,0.75,0.4820907072649046,-0.5745333323392334
hrm,hrm_formalexam,1,0.6427876096865395,-0.7660444431189779
hrm,hrm_comp_salaries,0.25,1.5308084989341915e-17,-0.25
hrm,hrm_comp_salaries,0.5,3.061616997868383e-17,-0.5
hrm,hrm_comp_salaries,0.75,4.592425496802574e-17,-0.75
hrm,hrm_comp_salaries,1,6.123233995736766e-17,-1
hrm,hrm_perf_pay,0.25,-0.16069690242163473,-0.1915111107797446
hrm,hrm_perf_pay,0.5,-0.32139380484326946,-0.3830222215594892
hrm,hrm_perf_pay,0.75,-0.4820907072649042,-0.5745333323392338
hrm,hrm_perf_pay,1,-0.6427876096865389,-0.7660444431189783
hrm,hrm_perf_assmnt,0.25,-0.246201938253052,-0.04341204441673267
hrm,hrm_perf_assmnt,0.5,-0.492403876506104,-0.08682408883346535
hrm,hrm_perf_assmnt,0.75,-0.738605814759156,-0.130236133250198
hrm,hrm_perf_assmnt,1,-0.984807753012208,-0.1736481776669307
hrm,hrm_scshr,0.25,-0.2165063509461097,0.12499999999999994
hrm,hrm_scshr,0.5,-0.4330127018922194,0.2499999999999999
hrm,hrm_scshr,0.75,-0.6495190528383291,0.37499999999999983
hrm,hrm_scshr,1,-0.8660254037844388,0.4999999999999998
hrm,hrm_hrdata,0.25,-0.08550503583141733,0.23492315519647705
hrm,hrm_hrdata,0.5,-0.17101007166283466,0.4698463103929541
hrm,hrm_hrdata,0.75,-0.256515107494252,0.7047694655894312
hrm,hrm_hrdata,1,-0.3420201433256693,0.9396926207859082
inc,inc_wmn_cgov,0.25,0.1469463130731183,0.20225424859373684
inc,inc_wmn_cgov,0.5,0.2938926261462366,0.40450849718747367
inc,inc_wmn_cgov,0.75,0.4408389392193549,0.6067627457812105
inc,inc_wmn_cgov,1,0.5877852522924732,0.8090169943749473
inc,inc_wmn_pubsec,0.25,0.23776412907378838,-0.07725424859373685
inc,inc_wmn_pubsec,0.5,0.47552825814757677,-0.1545084971874737
inc,inc_wmn_pubsec,0.75,0.7132923872213651,-0.23176274578121053
inc,inc_wmn_pubsec,1,0.9510565162951535,-0.3090169943749474
inc,inc_wmn_snrmgr,0.25,1.5308084989341915e-17,-0.25
inc,inc_wmn_snrmgr,0.5,3.061616997868383e-17,-0.5
inc,inc_wmn_snrmgr,0.75,4.592425496802574e-17,-0.75
inc,inc_wmn_snrmgr,1,6.123233995736766e-17,-1
inc,inc_wmn_snrgovt,0.25,-0.23776412907378838,-0.07725424859373688
inc,inc_wmn_snrgovt,0.5,-0.47552825814757677,-0.15450849718747375
inc,inc_wmn_snrgovt,0.75,-0.7132923872213651,-0.23176274578121064
inc,inc_wmn_snrgovt,1,-0.9510565162951535,-0.3090169943749475
inc,inc_ethrel,0.25,-0.1469463130731183,0.20225424859373684
inc,inc_ethrel,0.5,-0.2938926261462366,0.40450849718747367
inc,inc_ethrel,0.75,-0.4408389392193549,0.6067627457812105
inc,inc_ethrel,1,-0.5877852522924732,0.8090169943749473
int,int_offcorrupt,0.25,0.04593737945414258,0.24574327492097545
int,int_offcorrupt,0.5,0.09187475890828516,0.4914865498419509
int,int_offcorrupt,0.75,0.13781213836242773,0.7372298247629263
int,int_offcorrupt,1,0.1837495178165703,0.9829730996839018
int,int_busfav,0.25,0.13160804071933896,0.21255428393240353
int,int_busfav,0.5,0.2632160814386779,0.42510856786480705
int,int_busfav,0.75,0.3948241221580169,0.6376628517972106
int,int_busfav,1,0.5264321628773558,0.8502171357296141
int,int_embezzlefund,0.25,0.19950430682005987,0.1506586590948141
int,int_embezzlefund,0.5,0.39900861364011975,0.3013173181896282
int,int_embezzlefund,0.75,0.5985129204601796,0.4519759772844423
int,int_embezzlefund,1,0.7980172272802395,0.6026346363792564
int,int_grantfavours,0.25,0.24045641079320476,0.06841574751802071
int,int_grantfavours,0.5,0.4809128215864095,0.13683149503604142
int,int_grantfavours,0.75,0.7213692323796143,0.20524724255406213
int,int_grantfavours,1,0.961825643172819,0.27366299007208283
int,int_fairtrtmnt,0.25,0.24893354407375862,-0.023067089865825507
int,int_fairtrtmnt,0.5,0.49786708814751723,-0.046134179731651015
int,int_fairtrtmnt,0.75,0.7468006322212759,-0.06920126959747652
int,int_fairtrtmnt,1,0.9957341762950345,-0.09226835946330203
int,int_actimpartial,0.25,0.22379082283876559,-0.11143458894413455
int,int_actimpartial,0.5,0.44758164567753117,-0.2228691778882691
int,int_actimpartial,0.75,0.6713724685162967,-0.33430376683240365
int,int_actimpartial,1,0.8951632913550623,-0.4457383557765382
int,int_followrules,0.25,0.16842391091163933,-0.18475222930516477
int,int_followrules,0.5,0.33684782182327866,-0.36950445861032954
int,int_followrules,0.75,0.505271732734918,-0.5542566879154943
int,int_followrules,1,0.6736956436465573,-0.7390089172206591
int,int_corruptn_prvnt,0.25,0.09031041654678822,-0.23311805735108895
int,int_corruptn_prvnt,0.5,0.18062083309357643,-0.4662361147021779
int,int_corruptn_prvnt,0.75,0.27093124964036464,-0.6993541720532669
int,int_corruptn_prvnt,1,0.36124166618715287,-0.9324722294043558
int,int_helpcitzens,0.25,1.5308084989341915e-17,-0.25
int,int_helpcitzens,0.5,3.061616997868383e-17,-0.5
int,int_helpcitzens,0.75,4.592425496802574e-17,-0.75
int,int_helpcitzens,1,6.123233995736766e-17,-1
int,int_srvministers,0.25,-0.09031041654678829,-0.23311805735108893
int,int_srvministers,0.5,-0.18062083309357657,-0.46623611470217785
int,int_srvministers,0.75,-0.27093124964036486,-0.6993541720532668
int,int_srvministers,1,-0.36124166618715314,-0.9324722294043557
int,int_srvgovt,0.25,-0.1684239109116393,-0.18475222930516477
int,int_srvgovt,0.5,-0.3368478218232786,-0.36950445861032954
int,int_srvgovt,0.75,-0.5052717327349179,-0.5542566879154943
int,int_srvgovt,1,-0.6736956436465572,-0.7390089172206591
int,int_offsabsent,0.25,-0.22379082283876556,-0.11143458894413459
int,int_offsabsent,0.5,-0.4475816456775311,-0.22286917788826918
int,int_offsabsent,0.75,-0.6713724685162967,-0.33430376683240376
int,int_offsabsent,1,-0.8951632913550622,-0.44573835577653836
int,int_striveffcnt,0.25,-0.24893354407375862,-0.023067089865825573
int,int_striveffcnt,0.5,-0.49786708814751723,-0.04613417973165115
int,int_striveffcnt,0.75,-0.7468006322212759,-0.06920126959747672
int,int_striveffcnt,1,-0.9957341762950345,-0.0922683594633023
int,int_postemp,0.25,-0.2404564107932048,0.06841574751802061
int,int_postemp,0.5,-0.4809128215864096,0.13683149503604122
int,int_postemp,0.75,-0.7213692323796144,0.20524724255406185
int,int_postemp,1,-0.9618256431728192,0.27366299007208245
int,int_lobbying,0.25,-0.19950430682005998,0.15065865909481396
int,int_lobbying,0.5,-0.39900861364011997,0.3013173181896279
int,int_lobbying,0.75,-0.59851292046018,0.4519759772844419
int,int_lobbying,1,-0.7980172272802399,0.6026346363792559
int,int_whstlcover,0.25,-0.13160804071933885,0.2125542839324036
int,int_whstlcover,0.5,-0.2632160814386777,0.4251085678648072
int,int_whstlcover,0.75,-0.39482412215801654,0.6376628517972108
int,int_whstlcover,1,-0.5264321628773554,0.8502171357296144
int,int_whstlprtct,0.25,-0.0459373794541425,0.24574327492097547
int,int_whstlprtct,0.5,-0.091874758908285,0.49148654984195095
int,int_whstlprtct,0.75,-0.1378121383624275,0.7372298247629264
int,int_whstlprtct,1,-0.18374951781657,0.9829730996839019
opn,opn_cvcprticp,0.25,0.07725424859373686,0.23776412907378838
opn,opn_cvcprticp,0.5,0.15450849718747373,0.47552825814757677
opn,opn_cvcprticp,0.75,0.2317627457812106,0.7132923872213651
opn,opn_cvcprticp,1,0.30901699437494745,0.9510565162951535
opn,opn_eparticp,0.25,0.20225424859373686,0.14694631307311828
opn,opn_eparticp,0.5,0.4045084971874737,0.29389262614623657
opn,opn_eparticp,0.75,0.6067627457812106,0.44083893921935485
opn,opn_eparticp,1,0.8090169943749475,0.5877852522924731
opn,opn_negpubsprt,0.25,0.25,-0
opn,opn_negpubsprt,0.5,0.5,-0
opn,opn_negpubsprt,0.75,0.75,-0
opn,opn_negpubsprt,1,1,-0
opn,opn_complaints,0.25,0.20225424859373686,-0.14694631307311828
opn,opn_complaints,0.5,0.4045084971874737,-0.29389262614623657
opn,opn_complaints,0.75,0.6067627457812106,-0.44083893921935485
opn,opn_complaints,1,0.8090169943749475,-0.5877852522924731
opn,opn_impact,0.25,0.07725424859373686,-0.23776412907378838
opn,opn_impact,0.5,0.15450849718747373,-0.47552825814757677
opn,opn_impact,0.75,0.2317627457812106,-0.7132923872213651
opn,opn_impact,1,0.30901699437494745,-0.9510565162951535
opn,opn_opendata,0.25,-0.07725424859373684,-0.2377641290737884
opn,opn_opendata,0.5,-0.15450849718747367,-0.4755282581475768
opn,opn_opendata,0.75,-0.2317627457812105,-0.7132923872213652
opn,opn_opendata,1,-0.30901699437494734,-0.9510565162951536
opn,opn_govdata,0.25,-0.20225424859373684,-0.1469463130731183
opn,opn_govdata,0.5,-0.40450849718747367,-0.2938926261462366
opn,opn_govdata,0.75,-0.6067627457812105,-0.4408389392193549
opn,opn_govdata,1,-0.8090169943749473,-0.5877852522924732
opn,opn_right2info,0.25,-0.25,-3.061616997868383e-17
opn,opn_right2info,0.5,-0.5,-6.123233995736766e-17
opn,opn_right2info,0.75,-0.75,-9.184850993605148e-17
opn,opn_right2info,1,-1,-1.2246467991473532e-16
opn,opn_accessinfo,0.25,-0.20225424859373686,0.14694631307311826
opn,opn_accessinfo,0.5,-0.4045084971874737,0.2938926261462365
opn,opn_accessinfo,0.75,-0.6067627457812106,0.4408389392193548
opn,opn_accessinfo,1,-0.8090169943749475,0.587785252292473
opn,opn_publiclaw,0.25,-0.07725424859373689,0.23776412907378838
opn,opn_publiclaw,0.5,-0.15450849718747378,0.47552825814757677
opn,opn_publiclaw,0.75,-0.23176274578121067,0.7132923872213651
opn,opn_publiclaw,1,-0.30901699437494756,0.9510565162951535
pol,pol_scholadvc,0.25,0.09567085809127246,0.23096988312782168
pol,pol_scholadvc,0.5,0.19134171618254492,0.46193976625564337
pol,pol_scholadvc,0.75,0.2870125742738174,0.692909649383465
pol,pol_scholadvc,1,0.38268343236508984,0.9238795325112867
pol,pol_goexpert,0.25,0.23096988312782168,0.09567085809127245
pol,pol_goexpert,0.5,0.46193976625564337,0.1913417161825449
pol,pol_goexpert,0.75,0.692909649383465,0.2870125742738173
pol,pol_goexpert,1,0.9238795325112867,0.3826834323650898
pol,pol_stratplan,0.25,0.23096988312782168,-0.09567085809127245
pol,pol_stratplan,0.5,0.46193976625564337,-0.1913417161825449
pol,pol_stratplan,0.75,0.692909649383465,-0.2870125742738173
pol,pol_stratplan,1,0.9238795325112867,-0.3826834323650898
pol,pol_mincoord,0.25,0.09567085809127246,-0.23096988312782168
pol,pol_mincoord,0.5,0.19134171618254492,-0.46193976625564337
pol,pol_mincoord,0.75,0.2870125742738174,-0.692909649383465
pol,pol_mincoord,1,0.38268343236508984,-0.9238795325112867
pol,pol_linemins,0.25,-0.09567085809127243,-0.23096988312782168
pol,pol_linemins,0.5,-0.19134171618254486,-0.46193976625564337
pol,pol_linemins,0.75,-0.2870125742738173,-0.692909649383465
pol,pol_linemins,1,-0.3826834323650897,-0.9238795325112867
pol,pol_monmins,0.25,-0.23096988312782168,-0.09567085809127246
pol,pol_monmins,0.5,-0.46193976625564337,-0.19134171618254492
pol,pol_monmins,0.75,-0.692909649383465,-0.2870125742738174
pol,pol_monmins,1,-0.9238795325112867,-0.38268343236508984
pol,pol_monagncs,0.25,-0.23096988312782168,0.09567085809127242
pol,pol_monagncs,0.5,-0.46193976625564337,0.19134171618254484
pol,pol_monagncs,0.75,-0.692909649383465,0.28701257427381727
pol,pol_monagncs,1,-0.9238795325112867,0.38268343236508967
pol,pol_natstds,0.25,-0.09567085809127258,0.23096988312782163
pol,pol_natstds,0.5,-0.19134171618254517,0.46193976625564326
pol,pol_natstds,0.75,-0.28701257427381777,0.6929096493834649
pol,pol_natstds,1,-0.38268343236509034,0.9238795325112865
pro,pro_eproc_funcs,0.25,0.12499999999999999,0.21650635094610968
pro,pro_eproc_funcs,0.5,0.24999999999999997,0.43301270189221935
pro,pro_eproc_funcs,0.75,0.37499999999999994,0.649519052838329
pro,pro_eproc_funcs,1,0.49999999999999994,0.8660254037844387
pro,pro_cpb_roles,0.25,0.25,2.7755575615628914e-17
pro,pro_cpb_roles,0.5,0.5,5.551115123125783e-17
pro,pro_cpb_roles,0.75,0.75,8.326672684688674e-17
pro,pro_cpb_roles,1,1,1.1102230246251565e-16
pro,pro_sme_support,0.25,0.12499999999999999,-0.21650635094610968
pro,pro_sme_support,0.5,0.24999999999999997,-0.43301270189221935
pro,pro_sme_support,0.75,0.37499999999999994,-0.649519052838329
pro,pro_sme_support,1,0.49999999999999994,-0.8660254037844387
pro,pro_admin_efctvns,0.25,-0.12499999999999994,-0.2165063509461097
pro,pro_admin_efctvns,0.5,-0.2499999999999999,-0.4330127018922194
pro,pro_admin_efctvns,0.75,-0.37499999999999983,-0.6495190528383291
pro,pro_admin_efctvns,1,-0.4999999999999998,-0.8660254037844388
pro,pro_transparency,0.25,-0.25,8.040613248383183e-17
pro,pro_transparency,0.5,-0.5,1.6081226496766366e-16
pro,pro_transparency,0.75,-0.75,2.412183974514955e-16
pro,pro_transparency,1,-1,3.216245299353273e-16
pro,pro_integrity,0.25,-0.12499999999999992,0.2165063509461097
pro,pro_integrity,0.5,-0.24999999999999983,0.4330127018922194
pro,pro_integrity,0.75,-0.3749999999999998,0.6495190528383291
pro,pro_integrity,1,-0.49999999999999967,0.8660254037844388
reg,reg_ria_use,0.25,0.0855050358314172,0.23492315519647708
reg,reg_ria_use,0.5,0.1710100716628344,0.46984631039295416
reg,reg_ria_use,0.75,0.2565151074942516,0.7047694655894312
reg,reg_ria_use,1,0.3420201433256688,0.9396926207859083
reg,reg_ria_primary,0.25,0.21650635094610965,0.125
reg,reg_ria_primary,0.5,0.4330127018922193,0.25
reg,reg_ria_primary,0.75,0.649519052838329,0.375
reg,reg_ria_primary,1,0.8660254037844386,0.5
reg,reg_ria_secondary,0.25,0.24620193825305203,-0.04341204441673252
reg,reg_ria_secondary,0.5,0.49240387650610407,-0.08682408883346504
reg,reg_ria_secondary,0.75,0.7386058147591561,-0.13023613325019756
reg,reg_ria_secondary,1,0.9848077530122081,-0.17364817766693008
reg,reg_eval_primary,0.25,0.16069690242163487,-0.19151111077974448
reg,reg_eval_primary,0.5,0.32139380484326974,-0.38302222155948895
reg,reg_eval_primary,0.75,0.4820907072649046,-0.5745333323392334
reg,reg_eval_primary,1,0.6427876096865395,-0.7660444431189779
reg,reg_eval_secondary,0.25,1.5308084989341915e-17,-0.25
reg,reg_eval_secondary,0.5,3.061616997868383e-17,-0.5
reg,reg_eval_secondary,0.75,4.592425496802574e-17,-0.75
reg,reg_eval_secondary,1,6.123233995736766e-17,-1
reg,reg_engmnt_primary,0.25,-0.16069690242163473,-0.1915111107797446
reg,reg_engmnt_primary,0.5,-0.32139380484326946,-0.3830222215594892
reg,reg_engmnt_primary,0.75,-0.4820907072649042,-0.5745333323392338
reg,reg_engmnt_primary,1,-0.6427876096865389,-0.7660444431189783
reg,reg_engmnt_secondary,0.25,-0.246201938253052,-0.04341204441673267
reg,reg_engmnt_secondary,0.5,-0.492403876506104,-0.08682408883346535
reg,reg_engmnt_secondary,0.75,-0.738605814759156,-0.130236133250198
reg,reg_engmnt_secondary,1,-0.984807753012208,-0.1736481776669307
reg,reg_ria_qual,0.25,-0.2165063509461097,0.12499999999999994
reg,reg_ria_qual,0.5,-0.4330127018922194,0.2499999999999999
reg,reg_ria_qual,0.75,-0.6495190528383291,0.37499999999999983
reg,reg_ria_qual,1,-0.8660254037844388,0.4999999999999998
reg,reg_ria_check,0.25,-0.08550503583141733,0.23492315519647705
reg,reg_ria_check,0.5,-0.17101007166283466,0.4698463103929541
reg,reg_ria_check,0.75,-0.256515107494252,0.7047694655894312
reg,reg_ria_check,1,-0.3420201433256693,0.9396926207859082
tax,tax_adminbudget,0.25,0.12499999999999999,0.21650635094610968
tax,tax_adminbudget,0.5,0.24999999999999997,0.43301270189221935
tax,tax_adminbudget,0.75,0.37499999999999994,0.649519052838329
tax,tax_adminbudget,1,0.49999999999999994,0.8660254037844387
tax,tax_debt_total,0.25,0.25,2.7755575615628914e-17
tax,tax_debt_total,0.5,0.5,5.551115123125783e-17
tax,tax_debt_total,0.75,0.75,8.326672684688674e-17
tax,tax_debt_total,1,1,1.1102230246251565e-16
tax,tax_timetopay,0.25,0.12499999999999999,-0.21650635094610968
tax,tax_timetopay,0.5,0.24999999999999997,-0.43301270189221935
tax,tax_timetopay,0.75,0.37499999999999994,-0.649519052838329
tax,tax_timetopay,1,0.49999999999999994,-0.8660254037844387
tax,tax_ptr_online,0.25,-0.12499999999999994,-0.2165063509461097
tax,tax_ptr_online,0.5,-0.2499999999999999,-0.4330127018922194
tax,tax_ptr_online,0.75,-0.37499999999999983,-0.6495190528383291
tax,tax_ptr_online,1,-0.4999999999999998,-0.8660254037844388
tax,tax_ctr_online,0.25,-0.25,8.040613248383183e-17
tax,tax_ctr_online,0.5,-0.5,1.6081226496766366e-16
tax,tax_ctr_online,0.75,-0.75,2.412183974514955e-16
tax,tax_ctr_online,1,-1,3.216245299353273e-16
tax,tax_vatr_online,0.25,-0.12499999999999992,0.2165063509461097
tax,tax_vatr_online,0.5,-0.24999999999999983,0.4330127018922194
tax,tax_vatr_online,0.75,-0.3749999999999998,0.6495190528383291
tax,tax_vatr_online,1,-0.49999999999999967,0.8660254037844388
